times,pop,xi_1,xi_2,pop_1,pop_2,traffic_1,traffic_2,CPU_1,CPU_2,MEM_1,MEM_2
2005-05-04 15:30:00,97.0,0.3,0.2,29,19,98.4,86.4,33.38971951746372,71.45840946161154,105.48487875190285,226.67080647257228
2005-05-04 15:45:00,93.0,0.3,0.2,28,19,88.8,79.2,30.47117269267858,71.72759359764173,104.36796028266382,227.42536999331912
2005-05-04 16:00:00,90.0,0.3,0.2,27,18,100.0,63.2,31.33579530702672,67.96659615245879,97.55249560063696,214.74577346465955
2005-05-04 16:15:00,89.0,0.3,0.2,27,18,100.8,63.2,30.285470537135144,66.85821225375979,101.02926248244317,217.6280206972685
2005-05-04 16:30:00,84.0,0.3,0.2,25,17,92.8,57.6,29.115855573772127,63.39068525103139,87.7960816370489,204.03887007440042
2005-05-04 16:45:00,81.0,0.3,0.2,24,16,88.0,59.2,27.73481580540041,59.77585170311512,88.90008525618019,192.61587740451463
2005-05-04 17:00:00,83.0,0.3,0.2,25,17,88.0,56.8,28.03389088122374,63.979120211774585,89.6107007643326,203.3697903793956
2005-05-04 17:15:00,83.0,0.3,0.2,25,17,104.0,64.8,27.729108790616927,63.69677178730482,89.06164296123373,204.71549483779145
2005-05-04 17:30:00,81.0,0.3,0.2,24,16,83.2,50.4,27.344381479457326,60.62012078650098,90.66125111817917,191.82302460706984
2005-05-04 17:45:00,76.0,0.3,0.2,23,15,92.8,63.2,25.616416527313586,55.875346061813026,83.99793386370759,178.18189487122294
2005-05-04 18:00:00,73.0,0.3,0.2,22,15,94.4,52.8,24.957165171068777,56.301248863297204,78.8394447897957,179.84762265385086
2005-05-04 18:15:00,71.0,0.3,0.2,21,14,86.4,57.6,24.08823830163858,52.471106167504196,78.49945037722102,168.41670992688333
2005-05-04 18:30:00,67.0,0.3,0.2,20,13,75.2,48.0,23.42493698425448,48.5662211160149,70.09355138105555,155.54644827702094
2005-05-04 18:45:00,62.0,0.3,0.2,19,12,71.2,52.0,21.384968320658047,44.911284248075084,65.81578592958999,144.5510827119017
2005-05-04 19:00:00,58.0,0.3,0.2,17,12,49.6,41.6,19.461947006503426,45.062376814514835,59.16780748091941,143.9116028031294
2005-05-04 19:15:00,54.0,0.3,0.2,16,11,60.0,42.4,17.919315307513546,41.303153492003965,56.521396875524395,131.23424646391317
2005-05-04 19:30:00,52.0,0.3,0.2,16,10,57.6,32.8,17.755659711288637,37.656181863216766,58.46810557763662,119.27294506596213
2005-05-04 19:45:00,49.0,0.3,0.2,15,10,59.2,33.6,16.929190897797493,37.44543821428959,54.97742402634815,120.40286807550507
2005-05-04 20:00:00,46.0,0.3,0.2,14,9,40.0,34.4,16.04038797690985,33.58387026923386,51.890336884287606,107.840938647373
2005-05-04 20:15:00,43.0,0.3,0.2,13,9,42.4,32.8,14.790903327923525,33.980803055797566,47.5429404632132,108.40664003313955
2005-05-04 20:30:00,41.0,0.3,0.2,12,8,43.2,23.2,13.458446653808936,30.116170812909953,43.82031904014837,95.57411975950893
2005-05-04 20:45:00,40.0,0.3,0.2,12,8,40.8,24.0,13.219080357386611,29.777077494598842,42.66738828302767,96.5110300659405
2005-05-04 21:00:00,39.0,0.3,0.2,12,8,39.2,31.2,14.35314071630973,30.08904520776742,43.93384741443024,96.0508741491917
2005-05-04 21:15:00,37.0,0.3,0.2,11,7,35.2,22.4,12.284968482327882,26.242371633098976,40.60377194582985,84.34574939458359
2005-05-04 21:30:00,35.0,0.3,0.2,10,7,41.6,28.8,11.650150614915917,26.145947695415835,35.47365977607797,84.23527960460757
2005-05-04 21:45:00,33.0,0.3,0.2,10,7,44.0,24.8,11.124681245364426,26.353080070009742,34.286609449872046,85.01862070457699
2005-05-04 22:00:00,35.0,0.3,0.2,10,7,39.2,28.8,11.0747518298563,26.35794045367536,35.35601121934283,83.51615462392607
2005-05-04 22:15:00,39.0,0.3,0.2,12,8,41.6,33.6,14.34531487851646,30.08013175441612,45.08138817277406,95.89868557311627
2005-05-04 22:30:00,46.0,0.3,0.2,14,9,59.2,32.8,15.903636781468986,33.96964939801629,51.14111499321321,107.45513782484983
2005-05-04 22:45:00,53.0,0.3,0.2,16,11,53.6,40.0,17.623253571386076,40.95496491059825,60.10633737829132,130.76267848943434
2005-05-04 23:00:00,58.0,0.3,0.2,17,12,76.8,40.8,18.589659892900453,45.00025559053627,62.04627513242635,145.35933234852172
2005-05-04 23:15:00,57.0,0.3,0.2,17,11,72.8,47.2,17.45777074385474,41.180838332403425,59.958581163878705,131.37064893132123
2005-05-04 23:30:00,56.0,0.3,0.2,17,11,65.6,33.6,19.2174647478693,41.24271595579482,62.74744603509609,131.63939877615925
2005-05-04 23:45:00,55.0,0.3,0.2,16,11,63.2,40.8,17.25449569271963,41.52234547576168,56.22703001468036,132.65347777856277
2005-05-05 00:00:00,65.0,0.3,0.2,20,13,67.2,47.2,23.00318800592834,48.638849001737356,76.30280349618313,156.31493166658606
2005-05-05 00:15:00,61.0,0.3,0.2,18,12,71.2,47.2,20.009864709192968,45.25915960115278,65.09715917430962,143.26547344928355
2005-05-05 00:30:00,57.0,0.3,0.2,17,11,59.2,40.0,19.2770406850124,41.12051436514343,60.30155212164337,131.3300273449149
2005-05-05 00:45:00,60.0,0.3,0.2,18,12,67.2,60.0,19.880311903942847,44.98907129878107,63.56913393550621,143.77327630466118
2005-05-05 01:00:00,63.0,0.3,0.2,19,13,73.6,41.6,21.859991290290857,48.950202015787056,68.85835416652891,157.57707538870858
2005-05-05 01:15:00,65.0,0.3,0.2,20,13,88.8,42.4,22.469235223808596,48.86782016706756,72.07490888250186,156.3015845271614
2005-05-05 01:30:00,61.0,0.3,0.2,18,12,54.4,43.2,19.692138673503088,45.15584626208512,65.41765515590917,144.13029099208637
2005-05-05 01:45:00,60.0,0.3,0.2,18,12,59.2,51.2,19.333321586564807,45.29132934989555,65.26937287418764,143.36009584536586
2005-05-05 02:00:00,58.0,0.3,0.2,17,12,60.8,43.2,19.537840765857833,44.30899047212286,61.89654298442525,143.2287808589116
2005-05-05 02:15:00,54.0,0.3,0.2,16,11,56.0,40.8,16.581947515483815,41.074599452075354,56.737832355615375,132.73372970759848
2005-05-05 02:30:00,50.0,0.3,0.2,15,10,55.2,45.6,17.554397941795067,37.8982064971754,52.54046749368738,121.08902817465938
2005-05-05 02:45:00,46.0,0.3,0.2,14,9,58.4,34.4,14.943206871731466,33.653028632397415,52.09725440770988,107.33634466442909
2005-05-05 03:00:00,42.0,0.3,0.2,13,8,48.8,34.4,14.317679421074644,29.99794042173127,47.588932534916516,95.5643993636751
2005-05-05 03:15:00,40.0,0.3,0.2,12,8,32.0,27.2,13.464094233825916,30.12375334453249,44.48043447463707,96.34531160174392
2005-05-05 03:30:00,37.0,0.3,0.2,11,7,47.2,24.0,12.710301998481661,26.261034732018626,40.60114554974267,84.27176285412553
2005-05-05 03:45:00,34.0,0.3,0.2,10,7,45.6,28.8,11.364636799534608,26.243820416153895,34.67395047277985,84.15892490745048
2005-05-05 04:00:00,31.0,0.3,0.2,9,6,29.6,21.6,9.831410171330921,22.373373330757165,33.11294743111893,71.83735282083049
2005-05-05 04:15:00,28.0,0.3,0.2,8,6,32.8,27.2,8.965124463407658,22.47244194520796,28.762987439677126,71.99366416984014
2005-05-05 04:30:00,26.0,0.3,0.2,8,5,30.4,18.4,9.128166834784661,18.62735118751972,28.396229576969372,59.83667885306426
2005-05-05 04:45:00,24.0,0.3,0.2,7,5,30.4,17.6,7.990249440860855,18.839519636063503,25.63554389218169,60.28314484583554
2005-05-05 05:00:00,22.0,0.3,0.2,7,4,23.2,14.4,7.329900349977016,14.972593907040002,25.592012009103797,47.85712731352599
2005-05-05 05:15:00,20.0,0.3,0.2,6,4,18.4,15.2,7.043662461060014,14.980784067150944,20.74009787084281,48.098959731500884
2005-05-05 05:30:00,19.0,0.3,0.2,6,4,24.0,16.0,6.95089321368537,15.032478870207562,21.094842019450674,48.03772135234766
2005-05-05 05:45:00,19.0,0.3,0.2,6,4,20.0,16.0,6.819328801287817,15.054391893076886,22.52802884407603,47.67355952421707
2005-05-05 06:00:00,19.0,0.3,0.2,6,4,23.2,5.6,6.596460712001414,15.043482685048481,19.884080443418522,47.665108114943806
2005-05-05 06:15:00,19.0,0.3,0.2,6,4,22.4,13.6,6.8969706960599835,14.93755229667682,22.07527579795498,47.9412725289502
2005-05-05 06:30:00,18.0,0.3,0.2,5,4,17.6,12.8,5.631972924386627,15.0350167929631,18.52990728684792,47.603842591682415
2005-05-05 06:45:00,18.0,0.3,0.2,5,4,16.0,11.2,5.5565556760479735,14.927842058968961,18.622401474568804,48.441776682962775
2005-05-05 07:00:00,18.0,0.3,0.2,5,4,23.2,16.0,5.416905284368306,14.899182740498794,18.15507977657618,48.216286870511084
2005-05-05 07:15:00,18.0,0.3,0.2,5,4,20.0,14.4,5.73868783597819,15.040487206511367,18.261982993611507,47.87007088537301
2005-05-05 07:30:00,18.0,0.3,0.2,5,4,17.6,16.0,5.655172310719271,14.988906419649183,17.591844498590937,47.9801390734429
2005-05-05 07:45:00,17.0,0.3,0.2,5,3,18.4,13.6,5.63129269673827,11.271665893569361,18.65743316604421,36.1435484619284
2005-05-05 08:00:00,17.0,0.3,0.2,5,3,16.0,12.0,5.419413557339452,11.290769982839272,18.0709845345097,36.156953463245806
2005-05-05 08:15:00,17.0,0.3,0.2,5,3,20.8,12.8,5.627101793303465,11.221798545737421,17.726631197239744,35.82984755499251
2005-05-05 08:30:00,18.0,0.3,0.2,5,4,11.2,12.0,5.511700645931167,14.947688972554353,17.42702744156809,48.23840093163418
2005-05-05 08:45:00,18.0,0.3,0.2,5,4,17.6,16.0,5.536763421962003,15.069926026229489,17.778268361142164,47.820333679829105
2005-05-05 09:00:00,19.0,0.3,0.2,6,4,23.2,16.8,6.679851141406663,14.998688074307736,20.529626592189427,48.40534793952816
2005-05-05 09:15:00,20.0,0.3,0.2,6,4,23.2,18.4,6.867952616411577,15.103211100496722,20.71500895494909,48.448779824007524
2005-05-05 09:30:00,28.0,0.3,0.2,8,6,24.0,23.2,9.232080801090259,22.4253360292263,27.68191836841065,71.87138728875175
2005-05-05 09:45:00,32.0,0.3,0.2,10,6,28.8,22.4,11.178418355247908,22.47866760596315,35.075729814955146,71.78845485458974
2005-05-05 10:00:00,32.0,0.3,0.2,10,6,42.4,28.8,10.76195011866922,22.638925547851564,36.88380525352749,71.8542311078322
2005-05-05 10:15:00,33.0,0.3,0.2,10,7,44.8,27.2,10.791680252419157,26.17120437201386,35.537643316381526,83.20497313692519
2005-05-05 10:30:00,36.0,0.3,0.2,11,7,32.0,29.6,12.581957825644784,26.316493592153133,42.27927622155645,83.87534530533357
2005-05-05 10:45:00,37.0,0.3,0.2,11,7,37.6,20.8,12.520498907116247,26.153955412601874,39.60740275079312,84.0386670439126
2005-05-05 11:00:00,38.0,0.3,0.2,11,8,35.2,20.0,12.40344303398015,29.89835515152068,38.75611070565559,95.90732345953899
2005-05-05 11:15:00,39.0,0.3,0.2,12,8,47.2,24.0,13.381972615169978,29.934236099889485,45.13480602349676,95.3165143000922
2005-05-05 11:30:00,40.0,0.3,0.2,12,8,44.8,37.6,13.208261308318352,29.953103237847554,44.289296911544945,95.36837154010267
2005-05-05 11:45:00,41.0,0.3,0.2,12,8,42.4,32.8,14.097496715956927,30.020338077461,42.637846977637054,95.95133377873549
2005-05-05 12:00:00,41.0,0.3,0.2,12,8,39.2,28.8,12.632960582794658,30.055159606177757,43.80652911390657,95.5267087865563
2005-05-05 12:15:00,44.0,0.3,0.2,13,9,57.6,28.8,14.434182874201372,33.93401662101819,46.8385671650831,108.00982049556833
2005-05-05 12:30:00,47.0,0.3,0.2,14,9,47.2,31.2,15.487765809476237,33.60996132862701,54.48849397043841,108.15251317442436
2005-05-05 12:45:00,48.0,0.3,0.2,14,10,52.0,39.2,14.606987428660384,37.197248740736164,50.85820114380752,118.50831948312162
2005-05-05 13:00:00,47.0,0.3,0.2,14,9,48.0,27.2,16.273386159114867,33.555141923163426,49.656830831656684,106.37833676546
2005-05-05 13:15:00,45.0,0.3,0.2,14,9,48.8,31.2,15.87278549270297,33.72279408092152,49.813024784955594,108.20122292265181
2005-05-05 13:30:00,45.0,0.3,0.2,14,9,52.8,36.8,15.452815328985213,33.822124557319974,51.392268905817524,107.36716551016457
2005-05-05 13:45:00,43.0,0.3,0.2,13,9,40.8,34.4,14.568589949862698,33.78824695109596,45.01017822764682,107.60505075202391
2005-05-05 14:00:00,45.0,0.3,0.2,14,9,44.8,29.6,15.520392863883153,33.67793132305648,49.01185204554957,107.55848311895464
2005-05-05 14:15:00,45.0,0.3,0.2,14,9,52.0,26.4,15.580029707645952,33.821376000840395,50.690816154477545,107.45514177457295
2005-05-05 14:30:00,50.0,0.3,0.2,15,10,56.8,37.6,16.4420043264559,37.554601553775,54.72115893076442,120.58096044029924
2005-05-05 14:45:00,51.0,0.3,0.2,15,10,46.4,32.0,17.292143827966914,37.4161630513707,55.38355581116605,119.23949893205575
2005-05-05 15:00:00,51.0,0.3,0.2,15,10,45.6,34.4,16.827241311541943,37.54767297658961,53.71595040919605,120.13986905507385
2005-05-05 15:15:00,52.0,0.3,0.2,16,10,45.6,34.4,18.34927155638525,37.25089081821569,57.494064892810314,120.1115646992742
2005-05-05 15:30:00,51.0,0.3,0.2,15,10,68.8,27.2,16.798850370671726,37.3080124516141,52.19348604781504,119.14940710739009
2005-05-05 15:45:00,50.0,0.3,0.2,15,10,62.4,41.6,16.35642367667392,37.36466737639296,54.73463210513662,118.2996998120316
2005-05-05 16:00:00,51.0,0.3,0.2,15,10,52.8,41.6,15.859426956639377,37.8782115689473,53.48385341563465,119.45684995465402
2005-05-05 16:15:00,53.0,0.3,0.2,16,11,74.4,40.8,17.255641961913522,41.45830253152838,58.55884366236948,131.52750955811564
2005-05-05 16:30:00,52.0,0.3,0.2,16,10,72.8,39.2,17.86205631312308,37.19172184188837,60.05159890401499,120.29601955964478
2005-05-05 16:45:00,51.0,0.3,0.2,15,10,56.8,33.6,16.611363746406983,37.28406570066977,54.44309998705809,119.7347294656926
2005-05-05 17:00:00,48.0,0.3,0.2,14,10,48.8,27.2,15.440257673233805,37.41099314246947,50.95835472217414,120.83203272085036
2005-05-05 17:15:00,45.0,0.3,0.2,14,9,49.6,27.2,15.983693195542974,33.56400223277431,50.93943334442649,107.69189884123146
2005-05-05 17:30:00,42.0,0.3,0.2,13,8,48.8,27.2,14.68972134340573,29.957662844260668,46.675154701433215,96.27280175527368
2005-05-05 17:45:00,39.0,0.3,0.2,12,8,52.0,35.2,13.327198782161757,29.916779141902023,42.52119841331538,96.54074570477516
2005-05-05 18:00:00,39.0,0.3,0.2,12,8,36.8,29.6,12.996372675156977,30.117837289197503,44.19520288984993,96.30960314993382
2005-05-05 18:15:00,41.0,0.3,0.2,12,8,48.0,29.6,13.88223660071182,29.956954130431228,43.990508114951695,96.3624657751326
2005-05-05 18:30:00,41.0,0.3,0.2,12,8,36.0,26.4,13.623846190439279,29.7487829828271,43.5492276904515,95.00643657864109
2005-05-05 18:45:00,39.0,0.3,0.2,12,8,34.4,28.8,13.184232701417876,30.018771432186032,46.127139771468144,96.03006562773501
2005-05-05 19:00:00,40.0,0.3,0.2,12,8,47.2,35.2,13.65974630366959,29.58386046868464,43.29162508075164,96.11274547209048
2005-05-05 19:15:00,40.0,0.3,0.2,12,8,48.0,24.0,13.448812828899221,29.90329987387153,42.49310113483777,96.37763424762781
2005-05-05 19:30:00,41.0,0.3,0.2,12,8,33.6,25.6,13.601805489304642,30.182720137445898,43.99816060881852,95.69658767372277
2005-05-05 19:45:00,42.0,0.3,0.2,13,8,42.4,21.6,14.321938722037277,29.99022709895044,48.96668851840197,96.14576411135411
2005-05-05 20:00:00,42.0,0.3,0.2,13,8,58.4,28.0,14.992397517608767,30.177053128844154,47.683764264557794,96.34608239614487
2005-05-05 20:15:00,41.0,0.3,0.2,12,8,41.6,33.6,12.907559913852419,30.159035218657237,44.58900455895748,95.45635878771121
2005-05-05 20:30:00,40.0,0.3,0.2,12,8,43.2,22.4,13.723021630121666,30.22327258820338,44.4900133626872,95.37466816997225
2005-05-05 20:45:00,39.0,0.3,0.2,12,8,42.4,32.0,13.257867175125396,29.803759061206076,43.158453705065874,95.38282377251801
2005-05-05 21:00:00,38.0,0.3,0.2,11,8,40.0,33.6,12.302461905354622,30.02252363253067,40.56018869970399,95.64685799425334
2005-05-05 21:15:00,38.0,0.3,0.2,11,8,36.8,24.8,11.674275175594902,29.938555545671058,40.1289010632102,95.99593268971202
2005-05-05 21:30:00,37.0,0.3,0.2,11,7,36.0,28.0,12.348973306715319,26.117973162655062,38.68712956439705,83.87847073034914
2005-05-05 21:45:00,38.0,0.3,0.2,11,8,39.2,35.2,12.6593749209768,30.030130564376847,39.97907248903448,96.09136091574698
2005-05-05 22:00:00,42.0,0.3,0.2,13,8,45.6,27.2,14.739826608074086,29.994355414151716,47.884098665973184,96.27854187198805
2005-05-05 22:15:00,45.0,0.3,0.2,14,9,46.4,32.0,15.59475493035432,33.864632969268385,50.30384431302852,108.04056293224858
2005-05-05 22:30:00,43.0,0.3,0.2,13,9,36.8,22.4,14.047797389625812,33.64246872061908,47.03205319715088,108.0762337631268
2005-05-05 22:45:00,40.0,0.3,0.2,12,8,44.8,28.0,12.950030818445919,30.16787796415702,43.66705727984712,96.04895654506134
2005-05-05 23:00:00,38.0,0.3,0.2,11,8,34.4,29.6,12.190194376276105,29.84094487985665,39.92099800766061,95.62249886580918
2005-05-05 23:15:00,37.0,0.3,0.2,11,7,39.2,21.6,11.79435602937177,26.367029623525816,38.94106548921317,83.57224334322214
2005-05-05 23:30:00,35.0,0.3,0.2,10,7,32.0,25.6,10.882648460070055,26.31542922770572,37.17570542807527,83.71624127292006
2005-05-05 23:45:00,33.0,0.3,0.2,10,7,40.0,26.4,11.651142571531418,26.504006560497317,35.814835209554644,84.57970823781517
2005-05-06 00:00:00,31.0,0.3,0.2,9,6,33.6,21.6,10.47362025567955,22.35517102235292,31.55690959908914,71.75507476737305
2005-05-06 00:15:00,29.0,0.3,0.2,9,6,31.2,20.8,10.43940787390826,22.373066429554104,33.05439708149835,71.88681382659661
2005-05-06 00:30:00,27.0,0.3,0.2,8,5,25.6,14.4,8.697981456775613,18.945858042988363,28.623877581925893,59.657844326924014
2005-05-06 00:45:00,34.0,0.3,0.2,10,7,39.2,28.8,11.475111391786731,26.198111237202568,35.4805952366592,83.7422486955795
2005-05-06 01:00:00,39.0,0.3,0.2,12,8,36.8,26.4,13.587154149301854,30.097197543868205,43.84522100709983,95.33997675387789
2005-05-06 01:15:00,42.0,0.3,0.2,13,8,41.6,32.8,14.467552129758634,30.075161333675737,47.00591756022388,95.94623665142986
2005-05-06 01:30:00,39.0,0.3,0.2,12,8,44.0,25.6,13.370798577799158,30.167218074479752,43.17849982084755,95.7461571238376
2005-05-06 01:45:00,37.0,0.3,0.2,11,7,28.0,28.8,12.306144423772114,26.16156218806093,40.918112311631674,84.07224534061575
2005-05-06 02:00:00,38.0,0.3,0.2,11,8,40.8,32.0,12.681546876073233,30.17528644413132,39.01531505251843,95.9360557612024
2005-05-06 02:15:00,36.0,0.3,0.2,11,7,40.8,26.4,12.288755298066736,26.295817286899833,40.58862015918451,84.11210503988883
2005-05-06 02:30:00,33.0,0.3,0.2,10,7,37.6,31.2,11.404032720458215,26.3679814241799,35.81686611011784,83.67904632890975
2005-05-06 02:45:00,33.0,0.3,0.2,10,7,31.2,23.2,11.727348537891126,26.493943872575983,35.251073048719746,83.67674774939802
2005-05-06 03:00:00,31.0,0.3,0.2,9,6,29.6,20.8,10.03237643211132,22.51371305032812,32.72566035971211,72.23586928526582
2005-05-06 03:15:00,30.0,0.3,0.2,9,6,25.6,24.0,10.395020949548508,22.37576691907674,32.7046223093597,72.30959809687026
2005-05-06 03:30:00,28.0,0.3,0.2,8,6,20.8,21.6,8.626034123877647,22.316751193063897,27.9741257606648,71.67517400135523
2005-05-06 03:45:00,26.0,0.3,0.2,8,5,24.8,20.0,8.854209250326036,18.802566934216426,30.14786138507301,59.91633648466739
2005-05-06 04:00:00,24.0,0.3,0.2,7,5,21.6,16.0,7.787219947436958,18.71728221656286,25.393729459561616,60.319676206171835
2005-05-06 04:15:00,22.0,0.3,0.2,7,4,24.8,16.0,7.941445893593092,14.95610377044346,26.020491503963914,47.833206234337965
2005-05-06 04:30:00,20.0,0.3,0.2,6,4,15.2,16.0,7.07484321597892,14.952770016869088,21.845610074781433,48.21393189962981
2005-05-06 04:45:00,19.0,0.3,0.2,6,4,20.8,11.2,6.992915783864187,15.069458549834962,21.76348260611569,48.273335104514054
2005-05-06 05:00:00,18.0,0.3,0.2,5,4,14.4,13.6,5.61278189045935,15.077943434253577,18.58625009625983,48.04549925102397
2005-05-06 05:15:00,17.0,0.3,0.2,5,3,23.2,8.0,5.613661115883656,11.239550405941195,17.83556745009105,36.05786699299644
2005-05-06 05:30:00,16.0,0.3,0.2,5,3,15.2,10.4,5.599790487884926,11.238876533025175,17.27568076253661,36.03428958763148
2005-05-06 05:45:00,15.0,0.3,0.2,4,3,18.4,8.0,4.509875157581438,11.32659473599653,14.58465297274156,36.26990105341675
2005-05-06 06:00:00,14.0,0.3,0.2,4,3,13.6,13.6,4.587810787209013,11.249020302264448,14.780700048719115,35.90814928669286
2005-05-06 06:15:00,14.0,0.3,0.2,4,3,17.6,10.4,4.629861422463378,11.205380022207036,14.69121935344428,36.335055854596526
2005-05-06 06:30:00,15.0,0.3,0.2,4,3,18.4,8.8,4.5713666250049725,11.247414776804792,14.660356133703218,35.7486649950557
2005-05-06 06:45:00,17.0,0.3,0.2,5,3,16.0,9.6,5.604563290280838,11.32583960655983,18.70525027862351,36.02887567965865
2005-05-06 07:00:00,19.0,0.3,0.2,6,4,28.8,12.8,6.593085405497205,15.026989664159078,21.57745964495868,47.38314361175758
2005-05-06 07:15:00,22.0,0.3,0.2,7,4,23.2,19.2,8.101903923914872,14.965363000186052,24.869148165324322,47.890561343750534
2005-05-06 07:30:00,25.0,0.3,0.2,8,5,23.2,14.4,8.888822691780451,18.561346762956088,29.02902250250227,60.11427333194232
2005-05-06 07:45:00,29.0,0.3,0.2,9,6,32.8,24.8,9.947094813130473,22.69397473533208,31.27831063521753,71.92775897357662
2005-05-06 08:00:00,30.0,0.3,0.2,9,6,28.8,26.4,9.99588199811706,22.37579287477761,31.566278550674877,71.83809565756306
2005-05-06 08:15:00,32.0,0.3,0.2,10,6,33.6,21.6,11.42845244244881,22.360725153863836,35.1960568180157,72.48383500454273
2005-05-06 08:30:00,33.0,0.3,0.2,10,7,37.6,29.6,11.33862077422834,26.09345873840715,37.11632715500644,84.10505735351968
2005-05-06 08:45:00,35.0,0.3,0.2,10,7,33.6,22.4,11.21633106349125,26.070795409669188,36.21257989584667,83.31628931582264
2005-05-06 09:00:00,37.0,0.3,0.2,11,7,35.2,22.4,12.156793531791369,26.349965758857202,38.402866422396514,83.06772466642188
2005-05-06 09:15:00,44.0,0.3,0.2,13,9,51.2,40.0,14.907350616144551,34.39226072160407,47.4505856481294,107.9319869991015
2005-05-06 09:30:00,50.0,0.3,0.2,15,10,61.6,35.2,17.47783629110575,37.61825656627641,55.186530852342,119.2903704505373
2005-05-06 09:45:00,58.0,0.3,0.2,17,12,60.8,48.0,19.35601306751279,44.91674196052562,62.35557325227491,142.23124718412774
2005-05-06 10:00:00,58.0,0.3,0.2,17,12,64.8,48.0,19.934216593231046,44.77409712380296,62.62929277849999,144.8831486397581
2005-05-06 10:15:00,61.0,0.3,0.2,18,12,60.8,45.6,19.831700305004397,44.87460378380905,65.08409501218533,143.71862695618557
2005-05-06 10:30:00,63.0,0.3,0.2,19,13,74.4,45.6,21.382438782524464,48.74430927317461,67.39591791507958,156.31095247685033
2005-05-06 10:45:00,62.0,0.3,0.2,19,12,76.8,38.4,21.17831222779665,45.04513170799143,66.25508095735553,143.2563580856443
2005-05-06 11:00:00,63.0,0.3,0.2,19,13,64.8,51.2,20.811723315267198,48.98181996774936,65.26404291100282,156.38751735535357
2005-05-06 11:15:00,61.0,0.3,0.2,18,12,59.2,35.2,20.18942413705938,44.638427757029575,65.61879287225986,144.14413872546098
2005-05-06 11:30:00,61.0,0.3,0.2,18,12,76.8,36.0,20.25124688083429,44.70466179501907,66.00684038283276,142.94496984528155
2005-05-06 11:45:00,63.0,0.3,0.2,19,13,67.2,54.4,22.334606446661184,48.47552474687313,72.67688598214573,156.13025124916868
2005-05-06 12:00:00,68.0,0.3,0.2,20,14,83.2,39.2,22.43689234043236,52.29574160659852,70.04015527464425,168.72380396305473
2005-05-06 12:15:00,70.0,0.3,0.2,21,14,68.0,54.4,22.80885828848306,53.06504498785221,76.18568079272188,166.88084947015804
2005-05-06 12:30:00,71.0,0.3,0.2,21,14,71.2,45.6,23.748024457257646,52.74579263306822,76.72917970766605,167.6704841140903
2005-05-06 12:45:00,71.0,0.3,0.2,21,14,85.6,52.0,23.77976951748432,52.903560199140344,75.2102224754858,167.6399596100378
2005-05-06 13:00:00,69.0,0.3,0.2,21,14,71.2,46.4,23.154930580106516,52.18983748753254,72.2193840471877,168.18688047823176
2005-05-06 13:15:00,69.0,0.3,0.2,21,14,76.0,44.0,24.847654960483947,52.862783015413584,74.79294398291267,166.98526123410346
2005-05-06 13:30:00,67.0,0.3,0.2,20,13,77.6,51.2,21.843600258085456,48.85247947139419,72.68552309761114,155.31647460663297
2005-05-06 13:45:00,66.0,0.3,0.2,20,13,64.8,40.0,22.51844761018825,48.80158751950748,72.6834045036878,155.0210821440664
2005-05-06 14:00:00,64.0,0.3,0.2,19,13,65.6,46.4,21.603670693923707,48.83413752827668,68.49686204948303,155.52127328442268
2005-05-06 14:15:00,63.0,0.3,0.2,19,13,67.2,43.2,20.46460125211341,49.069565965018256,68.07710394960682,156.1905470593525
2005-05-06 14:30:00,63.0,0.3,0.2,19,13,73.6,52.0,21.492446983079972,48.618129194361615,66.66871754886307,155.783445544816
2005-05-06 14:45:00,69.0,0.3,0.2,21,14,74.4,59.2,24.214763536650988,52.73759310439898,76.73224091915284,167.8013684567927
2005-05-06 15:00:00,70.0,0.3,0.2,21,14,72.8,62.4,23.600940394678968,51.92432933729632,72.81248709702236,166.75685678254294
2005-05-06 15:15:00,69.0,0.3,0.2,21,14,84.0,52.8,23.18749993668134,52.69296364972362,72.08668538339197,166.73309016907388
2005-05-06 15:30:00,71.0,0.3,0.2,21,14,86.4,52.8,25.01293247923129,52.19355736407167,79.26505286822224,168.40189494937616
2005-05-06 15:45:00,73.0,0.3,0.2,22,15,76.8,48.8,24.612610922854923,56.78902669696994,79.93994149693481,180.2238763084731
2005-05-06 16:00:00,71.0,0.3,0.2,21,14,74.4,50.4,23.54408650909872,52.3641886399403,76.09871461465023,168.3109814504249
2005-05-06 16:15:00,68.0,0.3,0.2,20,14,68.8,51.2,23.051515726396335,52.463561110451955,70.62558562178165,167.76615473972856
2005-05-06 16:30:00,65.0,0.3,0.2,20,13,68.8,35.2,22.388369209383672,48.983092307753196,72.4314313121532,155.78624432106005
2005-05-06 16:45:00,62.0,0.3,0.2,19,12,66.4,37.6,21.235429055404726,45.07354318756299,71.17151518989914,144.29906179324075
2005-05-06 17:00:00,61.0,0.3,0.2,18,12,61.6,43.2,21.404479183642962,44.772435515803956,66.24575214364862,144.8039792068454
2005-05-06 17:15:00,59.0,0.3,0.2,18,12,69.6,43.2,20.071296898896097,44.94638419792111,65.28283187801723,144.13798465635338
2005-05-06 17:30:00,56.0,0.3,0.2,17,11,69.6,40.8,18.557045759150615,41.55403710523724,62.558520963260946,132.45368645960605
2005-05-06 17:45:00,54.0,0.3,0.2,16,11,58.4,33.6,17.593884006181344,41.501030844258224,57.71944849692413,131.31771316373425
2005-05-06 18:00:00,52.0,0.3,0.2,16,10,56.8,31.2,18.029328398144337,37.736086745686464,57.93071923660686,119.62024717494614
2005-05-06 18:15:00,49.0,0.3,0.2,15,10,54.4,29.6,17.544876632236207,37.40212984929055,52.91837402178672,120.24576865265593
2005-05-06 18:30:00,46.0,0.3,0.2,14,9,62.4,24.8,14.94374807123505,33.452437152783155,50.42347313530238,108.05679573553425
2005-05-06 18:45:00,44.0,0.3,0.2,13,9,47.2,26.4,15.374824886256425,33.66470460207673,47.390072218498844,107.79244209182843
2005-05-06 19:00:00,42.0,0.3,0.2,13,8,50.4,24.8,14.125300357352303,30.25908365495246,44.99504903479043,95.54452848755055
2005-05-06 19:15:00,41.0,0.3,0.2,12,8,48.8,33.6,13.030279719256372,30.013373715030866,43.847933671422695,95.33921409114258
2005-05-06 19:30:00,48.0,0.3,0.2,14,10,50.4,31.2,15.572428209543627,37.24204400416283,49.412799590726515,119.23622216831673
2005-05-06 19:45:00,46.0,0.3,0.2,14,9,45.6,37.6,16.55361333372289,33.997510030415036,52.43618497940142,107.94203172776128
2005-05-06 20:00:00,44.0,0.3,0.2,13,9,46.4,29.6,14.56608934081008,33.94069430514537,47.40415602583759,107.9350111209275
2005-05-06 20:15:00,41.0,0.3,0.2,12,8,40.8,24.8,13.53802870742078,29.997530139055772,41.19836200708435,96.45487106350286
2005-05-06 20:30:00,38.0,0.3,0.2,11,8,42.4,24.8,12.53285655670028,30.305377342614594,37.71584781249695,96.03258358726909
2005-05-06 20:45:00,36.0,0.3,0.2,11,7,33.6,31.2,12.586506543576839,26.208198473834916,39.31643166325663,84.00648487002093
2005-05-06 21:00:00,38.0,0.3,0.2,11,8,40.8,29.6,12.512407438995277,30.350794145079675,40.40628553713018,95.22425387834393
2005-05-06 21:15:00,35.0,0.3,0.2,10,7,41.6,24.0,10.775038413066348,26.177517831656235,37.57580035818068,84.55137981662448
2005-05-06 21:30:00,33.0,0.3,0.2,10,7,26.4,28.0,11.030506988678896,26.37747214395432,34.75980038268134,83.09725228844599
2005-05-06 21:45:00,32.0,0.3,0.2,10,6,37.6,19.2,10.941927592769277,22.526559510315774,35.69387410671768,71.70326173972747
2005-05-06 22:00:00,34.0,0.3,0.2,10,7,28.0,25.6,11.215165471207667,26.47136008202051,35.72076296788216,84.5065115653698
2005-05-06 22:15:00,32.0,0.3,0.2,10,6,36.0,26.4,11.240124192396566,22.55283562207294,35.56755480634644,72.06909402369513
2005-05-06 22:30:00,31.0,0.3,0.2,9,6,38.4,20.0,10.314671794390536,22.489884765146314,33.260549797880316,72.37193403189686
2005-05-06 22:45:00,30.0,0.3,0.2,9,6,33.6,25.6,10.029286132985517,22.27170003245481,31.97000331068114,72.22574379807222
2005-05-06 23:00:00,30.0,0.3,0.2,9,6,30.4,20.8,10.70531579520839,22.577720348542382,32.67021645862524,71.13369398168125
2005-05-06 23:15:00,29.0,0.3,0.2,9,6,29.6,20.8,10.590359884318968,22.33255680355525,32.73231113994416,71.71311564055941
2005-05-06 23:30:00,27.0,0.3,0.2,8,5,23.2,14.4,9.150967011658054,18.724567365030676,27.342077900767084,60.49326805347876
2005-05-06 23:45:00,26.0,0.3,0.2,8,5,32.8,12.0,8.902125342915713,18.620975199146454,28.18748498007728,60.087514399748365
2005-05-07 00:00:00,24.0,0.3,0.2,7,5,29.6,20.0,7.8611255312168105,18.784801679971064,25.016456120824216,59.785938425765586
2005-05-07 00:15:00,24.0,0.3,0.2,7,5,26.4,24.0,7.909298989619894,18.85189195410635,25.925708116542577,60.19515231794774
2005-05-07 00:30:00,22.0,0.3,0.2,7,4,27.2,12.8,7.748030676239161,14.847126258474901,25.54875796724978,47.74077853277264
2005-05-07 00:45:00,24.0,0.3,0.2,7,5,22.4,18.4,7.699128333658292,18.77874118087426,25.38282366619103,60.03656041148544
2005-05-07 01:00:00,26.0,0.3,0.2,8,5,24.8,12.8,8.572415167112329,18.66927234659536,28.73470183230774,60.1296915870875
2005-05-07 01:15:00,29.0,0.3,0.2,9,6,28.0,20.8,10.797876321748777,22.57151940304949,32.14184607452762,72.15527308028122
2005-05-07 01:30:00,36.0,0.3,0.2,11,7,35.2,28.0,12.651735457218406,26.67469272112236,39.77105887789515,84.6028303971636
2005-05-07 01:45:00,41.0,0.3,0.2,12,8,43.2,28.0,13.13345607975594,30.151973834691375,42.4453870799403,95.825771321956
2005-05-07 02:00:00,43.0,0.3,0.2,13,9,37.6,28.8,14.965665432618671,34.17699474814324,45.803879321426926,108.30798511429418
2005-05-07 02:15:00,47.0,0.3,0.2,14,9,50.4,41.6,16.088587951296624,33.57578008756096,49.26399281955724,106.81385085733771
2005-05-07 02:30:00,49.0,0.3,0.2,15,10,49.6,33.6,17.21638054453127,37.07361630460209,56.33472545541944,119.14003389492412
2005-05-07 02:45:00,49.0,0.3,0.2,15,10,54.4,38.4,16.77916974108075,37.313089178979766,54.515198032890176,118.7970067033537
2005-05-07 03:00:00,45.0,0.3,0.2,14,9,51.2,30.4,16.031868317809526,33.9388008835809,51.009824025568385,107.9706262871803
2005-05-07 03:15:00,43.0,0.3,0.2,13,9,44.8,29.6,14.26591887478441,33.48767013529257,43.79904244948697,106.38467746256408
2005-05-07 03:30:00,42.0,0.3,0.2,13,8,44.8,27.2,15.011644560942939,30.04583045473737,45.71760438918978,96.28049016044307
2005-05-07 03:45:00,40.0,0.3,0.2,12,8,44.8,32.0,13.401798063927858,30.036928473226148,44.586243804695464,95.37531151665222
2005-05-07 04:00:00,38.0,0.3,0.2,11,8,41.6,27.2,12.889642994271174,30.082786321679905,38.95195704304772,95.79255837347709
2005-05-07 04:15:00,36.0,0.3,0.2,11,7,35.2,24.0,12.206671902165944,26.050993192963155,39.4911486286802,84.5649059695487
2005-05-07 04:30:00,36.0,0.3,0.2,11,7,37.6,25.6,12.533897496586272,26.31607397108594,39.71047326935854,83.70942612629204
2005-05-07 04:45:00,34.0,0.3,0.2,10,7,33.6,28.8,11.600379766026375,26.2756979634985,35.446442161289085,83.78021387814543
2005-05-07 05:00:00,31.0,0.3,0.2,9,6,27.2,27.2,10.030969414016445,22.55440282030672,31.92037155878254,72.77991280056126
2005-05-07 05:15:00,28.0,0.3,0.2,8,6,24.8,20.0,8.253216440225271,22.64080410443261,27.457818972185375,71.87517136674236
2005-05-07 05:30:00,26.0,0.3,0.2,8,5,24.8,20.8,9.349080580668186,18.63165945226838,29.032695405096963,60.120676231030444
2005-05-07 05:45:00,24.0,0.3,0.2,7,5,24.8,16.0,7.662531598365158,18.87429718064853,25.734231276518695,59.51554220461392
2005-05-07 06:00:00,22.0,0.3,0.2,7,4,24.8,20.0,7.521700519197527,14.934289914246918,25.10828999603037,47.99604891334167
2005-05-07 06:15:00,20.0,0.3,0.2,6,4,15.2,11.2,6.891921357376792,14.952640889777662,21.792079874726348,48.123171842634214
2005-05-07 06:30:00,18.0,0.3,0.2,5,4,13.6,12.8,5.695452652504593,15.016226806670197,17.625515984821696,48.009952402144144
2005-05-07 06:45:00,17.0,0.3,0.2,5,3,14.4,12.0,5.864574864244756,11.253358661888193,17.77058782504649,35.954080675532026
2005-05-07 07:00:00,16.0,0.3,0.2,5,3,23.2,11.2,5.3803582337379385,11.313314905534035,17.617351386400475,35.973668407620146
2005-05-07 07:15:00,15.0,0.3,0.2,4,3,18.4,12.8,4.4419124129907654,11.316499173308149,14.796891218587948,35.631697208899915
2005-05-07 07:30:00,14.0,0.3,0.2,4,3,10.4,12.8,4.3977222116319235,11.372965404915314,14.209883764905976,36.03119250558126
2005-05-07 07:45:00,14.0,0.3,0.2,4,3,8.8,13.6,4.615772712610736,11.232367871024884,14.763935625347868,36.015010147110196
2005-05-07 08:00:00,15.0,0.3,0.2,4,3,9.6,12.8,4.499416095082434,11.250878662181202,14.731275140817965,35.88057357945124
2005-05-07 08:15:00,15.0,0.3,0.2,4,3,10.4,12.0,4.2837194648773265,11.262023595778423,14.484675065452135,35.808502641087294
2005-05-07 08:30:00,15.0,0.3,0.2,4,3,22.4,6.4,4.423821973345209,11.216258162128936,14.947045044919529,35.94237850696838
2005-05-07 08:45:00,15.0,0.3,0.2,4,3,13.6,6.4,4.60292129675834,11.294901372902045,14.533307428309067,36.03225451150995
2005-05-07 09:00:00,15.0,0.3,0.2,4,3,8.0,12.0,4.478420013215907,11.211656582339035,14.573205836360895,35.96229489507927
2005-05-07 09:15:00,14.0,0.3,0.2,4,3,8.8,9.6,4.266583171645335,11.187692036005567,14.09109659060177,35.95870249359096
2005-05-07 09:30:00,17.0,0.3,0.2,5,3,16.0,8.8,5.384607620656392,11.181350154627538,18.04639849960782,36.130296419171486
2005-05-07 09:45:00,22.0,0.3,0.2,7,4,20.0,13.6,7.678248480592355,15.008364335563392,25.572721657968142,48.434311222947656
2005-05-07 10:00:00,21.0,0.3,0.2,6,4,25.6,13.6,6.65101230496465,15.075311526251722,21.168379225409915,47.96426052618535
2005-05-07 10:15:00,20.0,0.3,0.2,6,4,28.0,11.2,6.723045244431118,14.947800863192183,22.25902524876035,47.98504883855335
2005-05-07 10:30:00,20.0,0.3,0.2,6,4,23.2,15.2,7.05007391751217,14.963821813992567,21.36144753310788,47.9457990923857
2005-05-07 10:45:00,22.0,0.3,0.2,7,4,20.8,8.8,7.780257370740686,15.068003314924471,24.70882848576647,47.928197256497306
2005-05-07 11:00:00,22.0,0.3,0.2,7,4,37.6,12.0,7.969127095646567,15.049993907904852,25.259215572801274,47.892778795593316
2005-05-07 11:15:00,22.0,0.3,0.2,7,4,28.0,16.8,7.48759300200774,14.870134362570845,24.42497867373232,47.94944718025955
2005-05-07 11:30:00,23.0,0.3,0.2,7,5,28.8,19.2,8.561433294480867,18.670570183809208,24.57075766777089,60.406842679563375
2005-05-07 11:45:00,24.0,0.3,0.2,7,5,27.2,12.8,7.848193653597505,18.69623629953648,24.972320741719354,59.73740264476659
2005-05-07 12:00:00,23.0,0.3,0.2,7,5,31.2,13.6,7.87088687088799,18.639253420499195,24.42884131813297,59.80505365675397
2005-05-07 12:15:00,24.0,0.3,0.2,7,5,21.6,17.6,7.842739333918905,18.643913735343514,24.235379584344475,60.31267412699945
2005-05-07 12:30:00,23.0,0.3,0.2,7,5,28.0,20.0,7.43658947474858,18.970654237133786,24.58005001374831,59.5631051464039
2005-05-07 12:45:00,24.0,0.3,0.2,7,5,28.0,14.4,7.740639003970447,18.851804062730466,25.29580057824266,59.83932134315883
2005-05-07 13:00:00,24.0,0.3,0.2,7,5,19.2,14.4,8.028539065533577,18.61641983606019,26.374422740519105,59.6025835327771
2005-05-07 13:15:00,24.0,0.3,0.2,7,5,27.2,12.8,8.222522279417175,18.522922495154727,25.532266588501987,60.02425960462424
2005-05-07 13:30:00,23.0,0.3,0.2,7,5,23.2,20.8,7.991436928695393,18.820558618453614,25.36209950508968,60.203387311452246
2005-05-07 13:45:00,23.0,0.3,0.2,7,5,24.0,18.4,7.905446116909762,18.758284418876976,25.730536611449022,59.99991709932084
2005-05-07 14:00:00,23.0,0.3,0.2,7,5,29.6,16.8,7.954158356988465,18.76325366208386,24.245154865711424,60.358988444546064
2005-05-07 14:15:00,24.0,0.3,0.2,7,5,24.0,19.2,7.87457485090156,18.85358925303876,25.075470568019963,60.004876085608785
2005-05-07 14:30:00,24.0,0.3,0.2,7,5,21.6,14.4,7.800729377801468,18.726075965127684,24.30883197069311,59.94276756310415
2005-05-07 14:45:00,24.0,0.3,0.2,7,5,27.2,22.4,7.777289044962221,18.842988116988717,24.51554884015829,60.355158425040635
2005-05-07 15:00:00,23.0,0.3,0.2,7,5,25.6,16.8,7.740388012852884,18.647635856214638,25.477751420075233,59.56573372355023
2005-05-07 15:15:00,22.0,0.3,0.2,7,4,29.6,20.8,8.190457068394684,14.903485879920519,24.194748390108522,47.77646090923022
2005-05-07 15:30:00,21.0,0.3,0.2,6,4,25.6,9.6,6.5248460521861285,15.021423391429659,21.138576758099983,47.89219571031494
2005-05-07 15:45:00,21.0,0.3,0.2,6,4,20.8,14.4,7.023981325627929,14.941431313780743,21.965839612364675,48.032235781079386
2005-05-07 16:00:00,21.0,0.3,0.2,6,4,20.8,14.4,7.055254905707839,14.901542546801856,20.85406768124712,48.24783399603197
2005-05-07 16:15:00,22.0,0.3,0.2,7,4,23.2,8.0,7.5834775579313245,14.934726381631169,25.198310914195613,47.95129294303523
2005-05-07 16:30:00,22.0,0.3,0.2,7,4,28.0,14.4,8.069091321531127,14.99743742633448,24.3714130547172,48.10370076750096
2005-05-07 16:45:00,23.0,0.3,0.2,7,5,28.0,11.2,7.809356958401467,18.788865814701587,25.24272665503582,59.811617217990374
2005-05-07 17:00:00,24.0,0.3,0.2,7,5,24.8,25.6,8.014902491622045,18.638393544290007,25.897603318320176,60.00972951067729
2005-05-07 17:15:00,24.0,0.3,0.2,7,5,26.4,20.0,8.134766220897157,18.671771489582582,25.26358947123752,60.17424596297411
2005-05-07 17:30:00,24.0,0.3,0.2,7,5,28.0,20.0,7.559669889840392,18.75932118500197,26.11121158296838,60.19038208140834
2005-05-07 17:45:00,27.0,0.3,0.2,8,5,26.4,16.0,9.187279009027502,18.788340207890357,29.413760319462256,60.534418371705016
2005-05-07 18:00:00,29.0,0.3,0.2,9,6,32.0,30.4,10.338163020629432,22.516797486839167,32.433224454829094,71.85904678535574
2005-05-07 18:15:00,28.0,0.3,0.2,8,6,34.4,27.2,8.822713177077723,22.45967292012892,29.601371211108628,71.87845337505802
2005-05-07 18:30:00,27.0,0.3,0.2,8,5,34.4,19.2,9.329841998394011,18.642359499239742,29.64049883265726,60.5946937044723
2005-05-07 18:45:00,26.0,0.3,0.2,8,5,26.4,22.4,9.565417437140923,18.684992392303293,28.950391816038398,59.84157413431897
2005-05-07 19:00:00,26.0,0.3,0.2,8,5,31.2,16.0,9.509915101051842,18.95204675906735,30.69729003390701,59.63352990135215
2005-05-07 19:15:00,26.0,0.3,0.2,8,5,22.4,14.4,9.188357353243076,18.794711987530405,29.588843233511785,60.2709228715268
2005-05-07 19:30:00,26.0,0.3,0.2,8,5,27.2,14.4,9.230381519178572,18.829048709558112,28.179389492791493,59.85584423382391
2005-05-07 19:45:00,26.0,0.3,0.2,8,5,32.0,21.6,9.666206328397841,18.72050123176997,28.93878181685169,60.13842517671433
2005-05-07 20:00:00,24.0,0.3,0.2,7,5,27.2,14.4,8.041387360261561,18.736569837804105,25.19031943559769,59.90342015127214
2005-05-07 20:15:00,23.0,0.3,0.2,7,5,26.4,24.0,7.891992917442446,18.657287198108474,25.96292774693827,59.96754389321923
2005-05-07 20:30:00,23.0,0.3,0.2,7,5,28.0,19.2,8.305332090974876,18.58512254411941,23.912135180386244,60.050150846770876
2005-05-07 20:45:00,23.0,0.3,0.2,7,5,28.0,18.4,7.894050986688958,18.557700644558256,25.517347220338344,60.05670218605346
2005-05-07 21:00:00,22.0,0.3,0.2,7,4,22.4,12.0,7.582659527036632,15.016631485562991,25.641590760791516,47.71426978726325
2005-05-07 21:15:00,23.0,0.3,0.2,7,5,28.0,14.4,8.003184312085462,18.890750633728466,25.11467894710699,59.444115563520306
2005-05-07 21:30:00,24.0,0.3,0.2,7,5,26.4,20.0,7.934207790042317,18.63812065049926,27.041948368511576,59.92926995488392
2005-05-07 21:45:00,25.0,0.3,0.2,8,5,35.2,20.0,8.942536251891331,18.761548459925077,29.26026009461597,59.884544518192754
2005-05-07 22:00:00,30.0,0.3,0.2,9,6,39.2,20.8,10.37591455359995,22.41902829275678,31.067329473997635,72.27432707417891
2005-05-07 22:15:00,33.0,0.3,0.2,10,7,41.6,23.2,11.19626821067822,26.037878079148427,35.88609602499852,84.11705481415015
2005-05-07 22:30:00,35.0,0.3,0.2,10,7,28.0,21.6,11.046173371829356,26.329597451337197,36.02101215414267,84.34723017233495
2005-05-07 22:45:00,34.0,0.3,0.2,10,7,37.6,25.6,10.99806238406658,26.23637102144596,37.88661367194251,84.14865250226529
2005-05-07 23:00:00,31.0,0.3,0.2,9,6,34.4,15.2,10.055563500244906,22.496250748487018,32.93292228802394,72.21247881417683
2005-05-07 23:15:00,29.0,0.3,0.2,9,6,30.4,20.8,9.702555257285026,22.510956201459408,32.4335918826399,71.21704420938626
2005-05-07 23:30:00,28.0,0.3,0.2,8,6,24.0,14.4,8.73995197437877,22.6572696058098,28.51594687698133,71.7776215231561
2005-05-07 23:45:00,27.0,0.3,0.2,8,5,27.2,12.0,9.097950036875345,18.67394378376211,28.108953627062522,60.41259251287451
2005-05-08 00:00:00,25.0,0.3,0.2,8,5,24.0,16.8,8.631983223340907,18.785822542022256,29.081843334131275,60.00123294436197
2005-05-08 00:15:00,23.0,0.3,0.2,7,5,31.2,23.2,7.760224680911554,18.74517166510063,24.88688974031135,60.12765547245087
2005-05-08 00:30:00,21.0,0.3,0.2,6,4,17.6,9.6,6.620529646796711,14.992507976182939,21.3294539214379,48.03958471334576
2005-05-08 00:45:00,27.0,0.3,0.2,8,5,28.8,20.0,9.235587438722423,18.753372815886856,28.558635231804722,59.93320585647413
2005-05-08 01:00:00,33.0,0.3,0.2,10,7,32.8,29.6,11.767517486425442,26.296107118099783,35.934007926946165,83.50264159324603
2005-05-08 01:15:00,37.0,0.3,0.2,11,7,37.6,28.8,12.689299809062721,26.195747849132523,38.68254721254594,84.09120532020752
2005-05-08 01:30:00,34.0,0.3,0.2,10,7,36.8,34.4,11.285771238282857,26.377725518740633,35.86909405083449,84.44648056581363
2005-05-08 01:45:00,32.0,0.3,0.2,10,6,35.2,26.4,11.119085597930965,22.398962008396026,36.02670394278964,72.37557250537573
2005-05-08 02:00:00,32.0,0.3,0.2,10,6,32.8,19.2,11.292821928847479,22.5893558457266,35.72991075130396,72.11024617400663
2005-05-08 02:15:00,30.0,0.3,0.2,9,6,21.6,21.6,10.29959358355999,22.647026434993105,34.3124039457786,71.63242992518921
2005-05-08 02:30:00,28.0,0.3,0.2,8,6,30.4,19.2,8.562319470884997,22.53652856783813,27.797817419122968,71.91147376004561
2005-05-08 02:45:00,27.0,0.3,0.2,8,5,34.4,18.4,9.03286055551397,18.66305832765342,28.0881719235948,59.465224526742816
2005-05-08 03:00:00,25.0,0.3,0.2,8,5,16.8,12.8,8.696153184614477,18.740318119122207,27.639611094444344,59.74380586844707
2005-05-08 03:15:00,24.0,0.3,0.2,7,5,24.0,16.0,8.499492108170369,18.83125744756063,25.152418291055486,59.671265468207054
2005-05-08 03:30:00,22.0,0.3,0.2,7,4,32.8,12.0,7.4748812487168586,14.851068983401852,23.749879640250786,47.69941341961368
2005-05-08 03:45:00,20.0,0.3,0.2,6,4,15.2,14.4,6.756811470579236,14.930982138803174,22.85539552851162,48.262330743028485
2005-05-08 04:00:00,18.0,0.3,0.2,5,4,15.2,12.8,5.605418907389296,15.062791326610261,18.254616789099966,47.531401031906704
2005-05-08 04:15:00,17.0,0.3,0.2,5,3,19.2,8.0,5.668809057974764,11.207533278507993,17.70316451208977,36.39515092196566
2005-05-08 04:30:00,16.0,0.3,0.2,5,3,16.0,8.0,5.428561730050149,11.244461578597853,18.036165067829995,35.872174028163386
2005-05-08 04:45:00,15.0,0.3,0.2,4,3,14.4,7.2,4.542922588680405,11.254869965561415,14.526247834517111,36.35808224159193
2005-05-08 05:00:00,14.0,0.3,0.2,4,3,21.6,10.4,4.522412674393638,11.298704635980673,14.386134918659268,36.07090463540967
2005-05-08 05:15:00,13.0,0.3,0.2,4,3,13.6,15.2,4.428636419308119,11.276901904080589,13.838889055220472,35.76233619390583
2005-05-08 05:30:00,12.0,0.3,0.2,4,2,9.6,8.0,4.47909877033018,7.5270123272251555,14.553405068566825,23.9140436546327
2005-05-08 05:45:00,12.0,0.3,0.2,4,2,12.0,4.8,4.560977033355104,7.541044097814525,14.154900731246137,23.945960138119183
2005-05-08 06:00:00,12.0,0.3,0.2,4,2,18.4,5.6,4.3058330587735405,7.485657383863385,14.82006052920497,24.056246548923745
2005-05-08 06:15:00,12.0,0.3,0.2,4,2,12.0,4.0,4.556186379973129,7.530680327040914,14.190457486506643,24.16681088972824
2005-05-08 06:30:00,12.0,0.3,0.2,4,2,14.4,11.2,4.5139489498780545,7.51665711944151,14.197644546903645,23.82495569178743
2005-05-08 06:45:00,12.0,0.3,0.2,4,2,12.8,6.4,4.643483971795247,7.481816439951436,14.496753352090272,23.938207704117662
2005-05-08 07:00:00,12.0,0.3,0.2,4,2,19.2,5.6,4.68230146861648,7.531204661592885,14.31592707782374,23.997354671107903
2005-05-08 07:15:00,12.0,0.3,0.2,4,2,10.4,10.4,4.476304541178368,7.514149678984672,14.115690889863972,24.030933729723518
2005-05-08 07:30:00,13.0,0.3,0.2,4,3,16.0,13.6,4.5210139049812135,11.15422703258571,14.630702575593448,36.143181137686035
2005-05-08 07:45:00,13.0,0.3,0.2,4,3,14.4,9.6,4.417531423815192,11.227379149361514,14.822309623023905,36.003059855473936
2005-05-08 08:00:00,13.0,0.3,0.2,4,3,16.0,12.8,4.343083228601525,11.319227335159383,14.617216094618307,36.12236931951755
2005-05-08 08:15:00,14.0,0.3,0.2,4,3,11.2,10.4,4.659930080204783,11.267221778146116,14.77798047859741,36.055159804324845
2005-05-08 08:30:00,14.0,0.3,0.2,4,3,15.2,9.6,4.610042515133337,11.319794942596559,14.359440378079121,36.228739253886125
2005-05-08 08:45:00,15.0,0.3,0.2,4,3,11.2,8.8,4.658670007551172,11.350214232236217,14.03192547448717,35.982168337223264
2005-05-08 09:00:00,15.0,0.3,0.2,4,3,14.4,16.8,4.403480247615637,11.227253167680757,14.50801792015869,36.19318907153579
2005-05-08 09:15:00,15.0,0.3,0.2,4,3,14.4,13.6,4.5687996466008025,11.22871640185319,15.03575667798839,36.0916761331318
2005-05-08 09:30:00,15.0,0.3,0.2,4,3,8.8,14.4,4.630589553042889,11.258535681814559,14.267250875456732,35.853159188996685
2005-05-08 09:45:00,16.0,0.3,0.2,5,3,18.4,14.4,5.60209470347067,11.285807831736292,18.995169109590837,36.041166711670435
2005-05-08 10:00:00,17.0,0.3,0.2,5,3,23.2,12.0,5.566307137865971,11.258695600331313,18.220796363269866,36.221769929974094
2005-05-08 10:15:00,18.0,0.3,0.2,5,4,17.6,17.6,6.054044194197915,14.848482596509115,18.20462297982497,48.19501876600896
2005-05-08 10:30:00,19.0,0.3,0.2,6,4,17.6,19.2,6.500309703407096,15.049425827133085,21.668538642571374,48.28280485956096
2005-05-08 10:45:00,23.0,0.3,0.2,7,5,26.4,19.2,7.9034427276789305,18.755125707170446,25.45671835310166,60.506432055311315
2005-05-08 11:00:00,24.0,0.3,0.2,7,5,32.8,12.0,7.741384568878996,18.875337516990864,24.453618332511162,60.15357824784465
2005-05-08 11:15:00,23.0,0.3,0.2,7,5,24.8,16.8,7.692802724235362,18.67411672826618,24.580055898041625,60.20871933947183
2005-05-08 11:30:00,22.0,0.3,0.2,7,4,32.0,17.6,7.800084809595881,15.000756961981578,25.714085467133618,47.69065378881688
2005-05-08 11:45:00,22.0,0.3,0.2,7,4,24.0,15.2,7.859661853509052,14.937763168573364,24.645893187746196,48.16310746231568
2005-05-08 12:00:00,23.0,0.3,0.2,7,5,22.4,20.0,7.82119865685591,18.825216733872193,24.045654668659743,59.53570547867216
2005-05-08 12:15:00,24.0,0.3,0.2,7,5,26.4,18.4,8.043828078324513,18.708485552509448,25.616225442032093,60.23516172268171
2005-05-08 12:30:00,25.0,0.3,0.2,8,5,32.0,17.6,8.92598955588543,18.739812401601778,28.839264026847626,60.10767363317484
2005-05-08 12:45:00,26.0,0.3,0.2,8,5,28.0,17.6,8.726021164605726,18.763031765752984,29.0350923468136,60.214654157971715
2005-05-08 13:00:00,27.0,0.3,0.2,8,5,29.6,18.4,8.647477109347612,18.617529841381884,28.153482464526878,59.715798809593934
2005-05-08 13:15:00,28.0,0.3,0.2,8,6,22.4,28.0,8.810952989088966,22.59860813202498,28.93872721615126,71.92055364385365
2005-05-08 13:30:00,30.0,0.3,0.2,9,6,33.6,20.8,10.117893314247267,22.27151990942026,33.430855758247354,71.90166163344976
2005-05-08 13:45:00,31.0,0.3,0.2,9,6,32.0,18.4,10.080767832833851,22.51961054140709,32.0118375083367,72.37389195567475
2005-05-08 14:00:00,34.0,0.3,0.2,10,7,36.0,28.8,11.320642418778338,26.149255780726676,35.73216106357186,84.0148885609361
2005-05-08 14:15:00,36.0,0.3,0.2,11,7,47.2,33.6,11.937022398819883,26.14888363889196,39.407750223301115,83.6975376974072
2005-05-08 14:30:00,38.0,0.3,0.2,11,8,40.8,24.0,12.504166063016454,29.997552232085695,39.418721246036455,95.43219356727288
2005-05-08 14:45:00,38.0,0.3,0.2,11,8,43.2,23.2,12.514626009410433,29.92409383127297,40.119335630029816,95.4386351353914
2005-05-08 15:00:00,38.0,0.3,0.2,11,8,35.2,32.0,12.080811884295704,30.424924057229177,41.72116675294759,95.5085873051207
2005-05-08 15:15:00,38.0,0.3,0.2,11,8,41.6,32.8,12.902735558094578,30.145688100712988,37.83333789497785,95.96778726935634
2005-05-08 15:30:00,37.0,0.3,0.2,11,7,50.4,27.2,11.970135707463527,26.307024519987426,40.23552906984969,84.09349496069277
2005-05-08 15:45:00,36.0,0.3,0.2,11,7,43.2,28.8,12.023744761632328,26.384103488866685,39.80313042453008,83.62890135078275
2005-05-08 16:00:00,35.0,0.3,0.2,10,7,41.6,24.8,10.967955549004582,25.87832971114422,34.60458913512508,83.30762079596838
2005-05-08 16:15:00,36.0,0.3,0.2,11,7,34.4,28.8,12.988307581614558,26.2038161523459,38.45840555966593,83.8970067462933
2005-05-08 16:30:00,36.0,0.3,0.2,11,7,32.0,29.6,12.325150804598124,26.166184533599235,40.32134249627597,83.96430957556225
2005-05-08 16:45:00,36.0,0.3,0.2,11,7,47.2,20.8,11.87926997205229,26.421763379298064,38.14003523443385,84.05476224810417
2005-05-08 17:00:00,36.0,0.3,0.2,11,7,39.2,24.0,12.523569739279278,26.38061587456039,38.08529845528846,84.12472903537841
2005-05-08 17:15:00,36.0,0.3,0.2,11,7,36.8,27.2,12.243460244816934,26.456136647982532,39.11007683503372,84.26406363266366
2005-05-08 17:30:00,36.0,0.3,0.2,11,7,43.2,19.2,12.236259291937118,26.239244576262326,39.31139963668479,84.0656519680798
2005-05-08 17:45:00,37.0,0.3,0.2,11,7,32.8,27.2,11.88278647746943,26.516605208646066,39.1317983142402,84.75308274029958
2005-05-08 18:00:00,37.0,0.3,0.2,11,7,36.0,37.6,12.25155895639134,26.298151754898164,38.894858904621344,84.66452471941358
2005-05-08 18:15:00,37.0,0.3,0.2,11,7,43.2,24.8,12.312100869216694,26.011350038849713,39.92869508393343,83.93393279495723
2005-05-08 18:30:00,37.0,0.3,0.2,11,7,35.2,18.4,12.537425241188624,26.20591009378937,40.95446630127139,84.49954616312034
2005-05-08 18:45:00,37.0,0.3,0.2,11,7,40.8,24.8,12.638301882856698,26.30357192714151,39.88090933352245,84.14818168638624
2005-05-08 19:00:00,36.0,0.3,0.2,11,7,36.0,25.6,12.803620975055132,26.2916200449094,39.36629417282284,83.66297291283928
2005-05-08 19:15:00,35.0,0.3,0.2,10,7,36.0,22.4,11.029449291937349,26.33029099885427,35.61368177682421,85.03759358238926
2005-05-08 19:30:00,35.0,0.3,0.2,10,7,36.8,21.6,10.967107151863454,26.34060641488988,36.604470847823585,84.05292753751502
2005-05-08 19:45:00,35.0,0.3,0.2,10,7,34.4,28.8,11.051154408074298,26.072117664202224,36.4077944767234,83.70721567027657
2005-05-08 20:00:00,34.0,0.3,0.2,10,7,36.8,24.8,11.24776339557368,26.142229715488078,36.23134427852152,84.05225448353792
2005-05-08 20:15:00,33.0,0.3,0.2,10,7,37.6,16.8,11.36286939390231,26.40688845014815,36.30040821174471,83.88515658981294
2005-05-08 20:30:00,32.0,0.3,0.2,10,6,43.2,19.2,11.438726773686431,22.56066340202129,35.93661690794674,71.96188074114382
2005-05-08 20:45:00,32.0,0.3,0.2,10,6,36.0,23.2,11.070724457758773,22.26303523073205,36.22673893445232,72.28859540965321
2005-05-08 21:00:00,32.0,0.3,0.2,10,6,36.8,18.4,11.144043219657856,22.674355037842783,36.89407614609443,72.28097814343623
2005-05-08 21:15:00,32.0,0.3,0.2,10,6,38.4,17.6,10.983042184930975,22.328312144163732,35.92912698951407,72.98404948240373
2005-05-08 21:30:00,32.0,0.3,0.2,10,6,44.0,22.4,11.443108844294368,22.648530873845967,33.47797372252884,71.48539576207004
2005-05-08 21:45:00,32.0,0.3,0.2,10,6,31.2,24.0,10.982157596418785,22.213932217027256,35.32276341302961,72.4487399919265
2005-05-08 22:00:00,33.0,0.3,0.2,10,7,38.4,31.2,10.947569851444054,26.267631198133827,36.98069471385298,84.03932969671342
2005-05-08 22:15:00,32.0,0.3,0.2,10,6,37.6,29.6,10.587559813666962,22.508856052527918,35.722359059727374,72.22896779332125
2005-05-08 22:30:00,31.0,0.3,0.2,9,6,35.2,24.0,10.361196584672117,22.40135241845581,32.498385627582834,72.73077060866925
2005-05-08 22:45:00,36.0,0.3,0.2,11,7,36.0,25.6,12.228669159637397,26.122448601972874,38.97044200876581,84.55764025536251
2005-05-08 23:00:00,36.0,0.3,0.2,11,7,44.0,24.0,12.412921082995824,25.8691792847066,39.543932396736324,84.7035951537107
2005-05-08 23:15:00,34.0,0.3,0.2,10,7,28.8,18.4,11.445965072842592,26.39245177436269,36.74572267567938,84.17121880703426
2005-05-08 23:30:00,33.0,0.3,0.2,10,7,32.8,22.4,10.962372501850318,26.10998994518234,36.99401892608838,83.95564331821652
2005-05-08 23:45:00,33.0,0.3,0.2,10,7,38.4,20.8,11.552813986732724,26.246467478960597,35.03662073716227,84.17838602834425
2005-05-09 00:00:00,35.0,0.3,0.2,10,7,41.6,24.8,10.879683990177698,26.12511587821949,38.07700314220822,83.64785067783376
2005-05-09 00:15:00,37.0,0.3,0.2,11,7,36.0,16.8,12.342889088383366,26.300684114529275,40.97202159467869,83.85625982964173
2005-05-09 00:30:00,37.0,0.3,0.2,11,7,37.6,16.8,11.795591414421239,26.33552089368257,38.95257845366975,83.94703587124063
2005-05-09 00:45:00,46.0,0.3,0.2,14,9,46.4,36.0,16.53674861910091,33.603470694084635,50.72741702268002,108.97172500245114
2005-05-09 01:00:00,53.0,0.3,0.2,16,11,58.4,41.6,19.309553352132635,41.42975212838948,57.668139560022915,130.55678992378947
2005-05-09 01:15:00,57.0,0.3,0.2,17,11,55.2,37.6,18.703279463753198,41.48867583385697,61.52702974661824,132.15733902351835
2005-05-09 01:30:00,55.0,0.3,0.2,16,11,52.0,39.2,17.702531747623986,41.50553207430577,57.633237602742106,131.5753581091886
2005-05-09 01:45:00,53.0,0.3,0.2,16,11,50.4,41.6,18.69065028395458,41.26377732023714,59.743885655071814,132.06162877091526
2005-05-09 02:00:00,53.0,0.3,0.2,16,11,72.8,40.8,18.098635247438036,41.432891117332304,58.729895893395295,130.89760187402382
2005-05-09 02:15:00,52.0,0.3,0.2,16,10,56.8,42.4,17.30284072525122,37.37065403271805,55.12510573166845,120.1460153879257
2005-05-09 02:30:00,48.0,0.3,0.2,14,10,48.8,35.2,15.71424257612578,37.30870886909278,50.65087237835527,120.20100100245564
2005-05-09 02:45:00,47.0,0.3,0.2,14,9,61.6,36.8,15.57960587775132,33.84261113160669,53.03519838063539,107.86319519140662
2005-05-09 03:00:00,44.0,0.3,0.2,13,9,47.2,32.8,14.93477960642171,33.777530855612405,47.12648686338738,107.60813764749415
2005-05-09 03:15:00,42.0,0.3,0.2,13,8,44.8,29.6,14.965027128649114,29.784063180857956,47.558001554977366,96.37260620317606
2005-05-09 03:30:00,39.0,0.3,0.2,12,8,36.8,28.8,13.691608169629019,29.906049061635777,43.49220383371329,95.53796982355914
2005-05-09 03:45:00,36.0,0.3,0.2,11,7,46.4,24.0,12.234080271582407,26.258175971154067,38.313166663871776,84.24205345827613
2005-05-09 04:00:00,33.0,0.3,0.2,10,7,34.4,22.4,11.259581231373007,26.100668282945847,37.93738138117235,83.87561139905007
2005-05-09 04:15:00,31.0,0.3,0.2,9,6,20.0,18.4,10.463976624471247,22.282834287885677,32.651303844778504,72.81199095146268
2005-05-09 04:30:00,29.0,0.3,0.2,9,6,27.2,20.8,10.684190362507348,22.297347357669512,32.403380462554665,71.64998617178333
2005-05-09 04:45:00,27.0,0.3,0.2,8,5,27.2,20.8,8.936747636154282,18.708402066400055,28.792795544465964,60.09192075281585
2005-05-09 05:00:00,25.0,0.3,0.2,8,5,29.6,21.6,9.083983733914359,18.817516040589652,28.711873341475656,60.189863418235475
2005-05-09 05:15:00,23.0,0.3,0.2,7,5,26.4,13.6,8.39199436008243,18.565381121531654,24.93077798266827,59.86009323960075
2005-05-09 05:30:00,22.0,0.3,0.2,7,4,26.4,15.2,7.812972469126958,15.027229729171106,25.82857954165812,48.16745061535923
2005-05-09 05:45:00,21.0,0.3,0.2,6,4,22.4,16.0,6.951331944603571,14.924203366631927,20.88731560708419,47.9276515039388
2005-05-09 06:00:00,21.0,0.3,0.2,6,4,19.2,10.4,6.698286539000727,14.935841617112295,22.446879726628804,47.84782139409251
2005-05-09 06:15:00,21.0,0.3,0.2,6,4,17.6,14.4,6.653606093768189,14.916319945956175,21.216877958435337,47.61785938426109
2005-05-09 06:30:00,21.0,0.3,0.2,6,4,23.2,15.2,6.785672229964874,15.064814821532801,21.5131184542547,47.850938026445796
2005-05-09 06:45:00,23.0,0.3,0.2,7,5,20.0,16.8,7.667930952845382,18.8949853716294,25.218842799924627,60.38638422171098
2005-05-09 07:00:00,30.0,0.3,0.2,9,6,29.6,16.8,10.471212674862526,22.699579322892056,31.5137172033074,71.87793675043723
2005-05-09 07:15:00,29.0,0.3,0.2,9,6,33.6,17.6,10.278140067295604,22.419497421439495,32.24313994547648,71.61053793907999
2005-05-09 07:30:00,30.0,0.3,0.2,9,6,30.4,24.8,10.245659358392748,22.364951704168966,32.73500101644422,71.82739327710782
2005-05-09 07:45:00,32.0,0.3,0.2,10,6,36.8,20.0,11.30454460989762,22.572562545639713,35.00367001345833,71.87009100883061
2005-05-09 08:00:00,38.0,0.3,0.2,11,8,47.2,22.4,12.451460043851458,30.184064872965635,37.645431056884256,95.96534635231257
2005-05-09 08:15:00,43.0,0.3,0.2,13,9,48.8,27.2,14.141264198905782,33.72407562329183,43.94800573962025,107.37922553074921
2005-05-09 08:30:00,50.0,0.3,0.2,15,10,52.8,38.4,16.16367549905881,37.38844211261337,54.95915768940036,119.28638114110424
2005-05-09 08:45:00,53.0,0.3,0.2,16,11,52.8,43.2,18.112577124966556,40.979383114714096,56.31858173217612,132.2541369402728
2005-05-09 09:00:00,61.0,0.3,0.2,18,12,70.4,43.2,20.289530084664516,45.35864824534299,64.72605790535424,144.44189587045753
2005-05-09 09:15:00,64.0,0.3,0.2,19,13,58.4,43.2,22.012480096954405,48.60418922126955,67.33182109300714,155.6661993434886
2005-05-09 09:30:00,66.0,0.3,0.2,20,13,62.4,42.4,22.138791250247966,48.84736338792043,70.30652440111983,156.2219976600103
2005-05-09 09:45:00,69.0,0.3,0.2,21,14,83.2,49.6,23.546225771803925,52.26329669477013,75.37060766224354,167.22884845166112
2005-05-09 10:00:00,72.0,0.3,0.2,22,14,88.0,52.0,24.268814182186023,52.73234264018333,78.63382204525024,167.56864821841788
2005-05-09 10:15:00,73.0,0.3,0.2,22,15,92.8,55.2,24.822529823190386,56.09137259959087,77.84703301026707,180.64316005982488
2005-05-09 10:30:00,77.0,0.3,0.2,23,15,100.0,49.6,25.71653430173253,55.79144367017886,81.01989412691746,180.81649254168502
2005-05-09 10:45:00,84.0,0.3,0.2,25,17,76.8,50.4,26.318815029375337,63.30353443851485,87.370274749349,204.32570747903043
2005-05-09 11:00:00,85.0,0.3,0.2,26,17,92.0,54.4,28.826893569756123,63.527574160206,94.25122098904397,203.95029367030062
2005-05-09 11:15:00,82.0,0.3,0.2,25,16,93.6,65.6,27.12976223578134,59.84529440520702,88.64803404222029,193.51889757684728
2005-05-09 11:30:00,82.0,0.3,0.2,25,16,87.2,48.8,28.50325083417813,59.71511382360942,91.047114183891,192.0998545146242
2005-05-09 11:45:00,84.0,0.3,0.2,25,17,88.8,60.0,26.37320557043859,64.36864088746154,86.9946935586341,202.61973183977844
2005-05-09 12:00:00,86.0,0.3,0.2,26,17,100.8,61.6,30.373202235844165,63.63744887275792,95.90550330036153,203.90698492561216
2005-05-09 12:15:00,90.0,0.3,0.2,27,18,100.0,66.4,31.348997354838488,67.80901545446211,95.3034836219521,217.04034881264016
2005-05-09 12:30:00,91.0,0.3,0.2,27,18,96.0,68.8,29.010629262734632,67.19546175509237,93.61033695974858,215.8515284978707
2005-05-09 12:45:00,94.0,0.3,0.2,28,19,97.6,71.2,32.000204417015375,71.77487229567605,98.85086124776502,227.19456329597256
2005-05-09 13:00:00,98.0,0.3,0.2,29,20,105.6,76.0,32.50697135328187,75.67765907859646,108.12464288104638,237.97929844543876
2005-05-09 13:15:00,101.0,0.3,0.2,30,20,103.2,63.2,33.99139742614356,74.70052194499469,109.42944193999656,240.68224501256833
2005-05-09 13:30:00,100.0,0.3,0.2,30,20,116.0,76.8,34.00634578498047,75.08734877049702,107.47802160167224,239.087856859775
2005-05-09 13:45:00,98.0,0.3,0.2,29,20,104.8,77.6,32.55669604438851,74.67300011521793,99.78111742702384,239.64596756841536
2005-05-09 14:00:00,99.0,0.3,0.2,30,20,120.8,61.6,33.99188958045097,75.12961428099645,106.56481025614671,240.26874073431105
2005-05-09 14:15:00,100.0,0.3,0.2,30,20,109.6,85.6,32.377151761193964,74.46548322093959,104.74460532235186,241.3086400147189
2005-05-09 14:30:00,98.0,0.3,0.2,29,20,107.2,81.6,31.49346765591155,74.817209265388,102.5406888433496,242.30974299352044
2005-05-09 14:45:00,97.0,0.3,0.2,29,19,105.6,73.6,32.34668160868744,71.18176842077251,102.75496735102539,226.36871096930437
2005-05-09 15:00:00,99.0,0.3,0.2,30,20,112.0,72.8,33.98186564991315,75.22096859993154,113.82189342291403,242.1704459009244
2005-05-09 15:15:00,101.0,0.3,0.2,30,20,102.4,68.0,33.997993230259,75.11653158115037,104.28090908446603,239.456523175013
