,predicted-traffic,xi1,xi2,utraffic1,utraffic2,population,Nv1,Nv2
0,55.21638532585303,0.8779746831010198,0.7929186428846696,1.0124054799953657,0.5774548614145036,41.0,35.99696200714181,32.50966435827146
1,58.23589901171144,0.891578592315423,0.7795041954684628,0.9863066222375756,0.6093018687335044,43.0,38.33787946956319,33.518680405143904
2,61.46159939453739,0.8857083566146595,0.7870458106000968,0.9935117728214522,0.6173104967360888,45.0,39.856876047659675,35.41706147700436
3,63.24848673993888,0.8862086334427312,0.7980592872556839,0.9914897018776985,0.6218840845461746,46.0,40.765597138365635,36.71072721376146
4,60.613125299624706,0.8749315501233512,0.8066026206136739,0.9938202219158797,0.6298595482439705,44.0,38.496988205427456,35.49051530700165
5,59.850273221444525,0.834704882268464,0.7651708665295082,1.0679379477765203,0.6540418905445037,43.0,35.89230993754395,32.90234726076885
6,59.09702873734224,0.8958649608994911,0.8149983884254309,0.9690175071751983,0.6613059476825515,42.0,37.626328357778625,34.2299323138681
7,57.289289135343026,0.8914892063866835,0.807567201337653,0.9688971038244445,0.703930171115359,40.0,35.65956825546734,32.302688053506124
8,54.01923002514758,0.8944110501721918,0.8065301611343623,0.9663564550510848,0.690908809021657,38.0,33.98761990654329,30.648146123105768
9,51.02227327726241,0.8904384616393916,0.8143253626950396,0.9708762508765374,0.678819350180468,36.0,32.0557846190181,29.315713057021426
10,48.072396300045625,0.8267906329120611,0.8279649613353669,1.0442281616377527,0.6649266235516476,34.0,28.11088151901008,28.150808685402474
11,48.0087736665793,0.8961017954920483,0.8010908817396305,0.9617360163443965,0.6868251735296069,34.0,30.467461046729643,27.237089979147438
12,44.26736669164768,0.8385766614560906,0.718258921278606,1.013543281437029,0.742659021868753,32.0,26.834453166594898,22.984285480915393
13,42.74946930306821,0.8855214439674106,0.8105920888181286,0.9681443693980247,0.7003148907753332,30.0,26.565643319022318,24.317762664543856
14,39.658093872126805,0.8961536349324779,0.8161641140672984,0.9533227637493543,0.6886321338417689,28.0,25.09230177810938,22.852595193884355
15,38.2035454850142,0.8844134854108328,0.805567118225366,0.9645623202105497,0.6974890022807977,27.0,23.879164106092485,21.75031219208488
16,38.77349528566387,0.8227829843390063,0.8509088955130026,1.0747546766318694,0.6484425343166592,27.0,22.21514057715317,22.974540178851072
17,36.37151608462046,0.8852085133468031,0.7983924198497429,0.9632950991232845,0.6841090027967736,26.0,23.01542134701688,20.758202916093314
18,34.64885363960148,0.8819442140302095,0.7955527746287541,0.9665246213943179,0.670644820862545,25.0,22.04860535075524,19.888819365718852
19,33.46827245605341,0.8712612455482124,0.7984891185576812,0.9706894460257665,0.6872820728501909,24.0,20.910269893157096,19.16373884538435
20,32.358745311915385,0.8943325320318031,0.8076900087206982,0.9413451424354624,0.6995584682644257,23.0,20.56964823673147,18.576870200576057
21,35.517826709374674,0.879794048704445,0.8069893600498879,0.9526248044209645,0.7219419036220879,25.0,21.994851217611124,20.174734001247195
22,39.86370899318728,0.8807862204707757,0.8162361706189831,0.9485180694230061,0.7207010279297025,28.0,24.66201417318172,22.85461277733153
23,46.81852854000904,0.8814619172864115,0.8187446570389678,0.9523719488227642,0.7075022476568092,33.0,29.08824327045158,27.01857368228594
24,52.53462635473683,0.8907657474693172,0.8219866214218732,0.9419161720353896,0.7066150326181464,37.0,32.95833265636474,30.413504992609308
25,58.122512583369755,0.883567480070458,0.8086903993211534,0.9595871964002014,0.704549253432524,41.0,36.22626668288878,33.156306372167286
26,58.28512304800935,0.8892717363875574,0.808941858780287,0.9583048713126966,0.7038762105625846,41.0,36.46014119188985,33.166616209991766
27,58.870609542762,0.8816123104498973,0.8094895833936985,0.9727888197504726,0.7143339930934534,41.0,36.14610472844579,33.18907291914164
28,57.41002524850331,0.8874714405671442,0.82294964192142,0.9566944491595174,0.7123298928300283,40.0,35.49885762268577,32.9179856768568
29,66.71391682421743,0.8814071396852745,0.8242816724831681,0.9725065375774719,0.7195699647897039,46.0,40.54472842552263,37.91695693422573
30,63.77702533491525,0.8944324284194183,0.8173825949470349,0.957566858002009,0.7254852281048844,44.0,39.35502685045441,35.96483417766954
31,60.670288100681944,0.8886741180287759,0.8160256780978032,0.966901524889587,0.7172204563172789,42.0,37.32431295720859,34.273078480107735
32,62.04771094968948,0.8856591603271221,0.815093638591721,0.9705477998666993,0.7157404314999777,43.0,38.08334389406625,35.049026459444
33,64.77575997118672,0.8984449928573471,0.8117152060896846,0.9580930166301344,0.7128946887637428,45.0,40.43002467858062,36.52718427403581
34,65.90434900301968,0.8858901296953864,0.8164026274698776,0.9780615063025448,0.6935893950788959,46.0,40.750945965987775,37.55452086361437
35,62.505827604038075,0.8664971468781001,0.8028284870577671,1.0026266436198192,0.6873371757679306,44.0,38.1258744626364,35.32445343054175
36,61.27612600260032,0.904575316959957,0.816120657046882,0.9513861115575377,0.6915960131874226,43.0,38.89673862927815,35.093188253015924
37,60.153735462111825,0.8756459281432075,0.8073035989813904,0.9908971742456997,0.6993115373106426,42.0,36.777128982014716,33.906751157218395
38,57.173135070911556,0.895592039522758,0.8080463928459695,0.9632090078885496,0.7013038631548134,40.0,35.82368158091032,32.32185571383878
39,51.92725776641659,0.8780915163462487,0.8113010230832661,0.9845129691291208,0.7123513030014428,36.0,31.611294588464954,29.20683683099758
40,49.07599419335409,0.8849370783699052,0.8116472151550884,0.9727569430706937,0.717778482916177,34.0,30.087860664576777,27.596005315273008
41,44.72613920614654,0.8813490043341284,0.8076623013180588,0.9734187795801392,0.7241355835622038,31.0,27.32181913435798,25.037531340859825
42,42.47700989125482,0.8785558463179987,0.7851295112023674,0.9787413957821088,0.7703767277639343,29.0,25.47811954322196,22.768755824868656
43,38.78559855741467,0.8763142042810519,0.8124758269061684,0.9754933267007873,0.7159166742477333,27.0,23.6604835155884,21.936847326466545
44,35.37714264549154,0.8915444117239938,0.8175250092375943,0.9557494111215278,0.6886549683058625,25.0,22.288610293099843,20.438125230939857
45,34.08081146301797,0.884641966219463,0.8007467464722116,0.9596639381825289,0.7131778184442424,24.0,21.231407189267113,19.21792191533308
46,31.25393286891121,0.898783217590215,0.801501268962788,0.9401127956907068,0.7182467840126877,22.0,19.77323078698473,17.633027917181334
47,28.323631397129315,0.8893162092740377,0.7996009745728787,0.946049347097226,0.718914269729156,20.0,17.78632418548075,15.992019491457574
48,25.397653427587713,0.8949907410778598,0.8121689356048201,0.9370017101314155,0.7047461013872844,18.0,16.109833339401476,14.619040840886761
49,23.806252080035257,0.8959671099566913,0.816440230772294,0.9265240938295317,0.6984377217922635,17.0,15.231440869263752,13.879483923128998
50,22.34939759631869,0.8768363538546102,0.8045617388781986,0.9442203587272033,0.7071062240437853,16.0,14.029381661673764,12.872987822051178
51,22.148782220810556,0.8856838106531286,0.8020523763798774,0.9247406995617219,0.7047806836483503,16.0,14.170940970450058,12.832838022078038
52,20.45810173815666,0.8826507181118938,0.8073118775971146,0.9309191796673247,0.6716078157882941,15.0,13.239760771678407,12.109678163956719
53,22.153390425792917,0.8779126893675225,0.8045641787856684,0.925178739650847,0.7113922807294174,16.0,14.04660302988036,12.873026860570695
54,20.8908940218803,0.8778539076339599,0.8161699680194038,0.920952120559821,0.715861736209145,15.0,13.167808614509399,12.242549520291057
55,20.972729131852105,0.8814853775218008,0.8224715504500902,0.9103480047616749,0.7243089285506669,15.0,13.222280662827012,12.337073256751353
56,21.0940373774747,0.8797850555660905,0.8200872958101282,0.9107320809986391,0.7377515626716679,15.0,13.196775833491358,12.301309437151923
57,21.142495025362273,0.8383674497691194,0.8016005352855279,0.9266280356256761,0.7892271242309883,15.0,12.57551174653679,12.024008029282918
58,19.727531897384733,0.8666943236797109,0.8170069624266714,0.9208999712367633,0.7478157122178639,14.0,12.133720531515952,11.4380974739734
59,19.811111511727383,0.8588892486860372,0.8207162818539542,0.9161689102285906,0.7654189159011466,14.0,12.02444948160452,11.490027945955358
60,19.900722881273847,0.8759283272400186,0.8300744333622743,0.9003489585159783,0.762388315077628,14.0,12.26299658136026,11.62104206707184
61,19.986729406441427,0.8819080953785545,0.8308294235775527,0.8929422020337552,0.7704717168012729,14.0,12.346713335299764,11.631611930085738
62,19.87795550780882,0.8667517752730904,0.846009167836887,0.8945481397465499,0.7618153575082609,14.0,12.134524853823265,11.844128349716417
63,21.63851393512045,0.8672030385257291,0.8346907573252176,0.9036257417737186,0.7894427977494918,15.0,13.008045577885937,12.520361359878263
64,21.545319952512457,0.8667548559856972,0.829263528011965,0.9086218259223868,0.7823837196643836,15.0,13.001322839785459,12.438952920179474
65,22.88238502381612,0.8715173390428399,0.833592644247836,0.9005553691495979,0.7741184491722232,16.0,13.944277424685438,13.337482307965375
66,22.746575516872156,0.8677566106309313,0.8199976064857175,0.9150076771711678,0.7654376112768666,16.0,13.884105770094902,13.11996170377148
67,30.95200080212091,0.8971564900235588,0.8117482857303112,0.8856460943604252,0.7543545169285404,22.0,19.737442780518293,17.858462286066846
68,34.09337813746818,0.8747773219089664,0.8235716916208661,0.9203392330845142,0.7473126372493336,24.0,20.994655725815193,19.765720598900785
69,34.12921612234249,0.8701848552990401,0.8317883646824508,0.9363003676143835,0.7301091210709058,24.0,20.884436527176963,19.962920752378817
70,35.70019874029299,0.8780316775939414,0.8183715592592558,0.9351727308429819,0.7415906149755227,25.0,21.950791939848536,20.459288981481393
71,38.873361500536454,0.8155136685000783,0.8340206005352171,1.0394858150845607,0.7098616495277981,27.0,22.018869049502115,22.51855621445086
72,39.960627670552995,0.883697071903278,0.8172719567538137,0.9440619076860308,0.7254629570134049,28.0,24.743518013291784,22.883614789106783
73,39.50464494875522,0.8806689027585364,0.8056516147404212,0.9558402398721477,0.7063864716065397,28.0,24.65872927723902,22.558245212731794
74,40.68458818061278,0.8751657594833095,0.795763528586945,0.9714912022029892,0.6945543219206645,29.0,25.379807025015978,23.077142329021406
75,41.61186979606072,0.8829744934574181,0.8045122451015353,0.9667959851690459,0.6630180391930931,30.0,26.489234803722542,24.13536735304606
76,43.54463959867438,0.8769652610325942,0.8034960776187633,0.9723853603800829,0.6868952164039088,31.0,27.18592309201042,24.90837840618166
77,43.888362665741184,0.8943913769884635,0.813350171149452,0.9494729322317511,0.6965674210236499,31.0,27.72613268664237,25.21385530563301
78,47.358022718624866,0.891412890047254,0.8194049369492199,0.9455093080006418,0.7227835542799014,33.0,29.41662537155938,27.040362919324256
79,51.05723078600642,0.8843632907490513,0.8028722351245098,0.9619977705103749,0.7573091730357672,35.0,30.952715176216795,28.100528229357842
80,50.67317795867979,0.7927436123427204,0.837487116273151,1.0747947480887101,0.7113762132342666,35.0,27.746026431995215,29.312049069560285
81,50.42729547344102,0.8947716869074833,0.8183032111800087,0.9463262886967791,0.7259337282949437,35.0,31.317009041761917,28.640612391300305
82,47.1063515443814,0.9047431494929128,0.8217855656466528,0.9390573171204373,0.7031755579863075,33.0,29.85652393326612,27.118923666339544
83,47.19606887624937,0.8845506821673039,0.8158555038889338,0.9661543589629946,0.70548204344726,33.0,29.19017251152103,26.923231628334815
84,45.75237379669434,0.8920885243255958,0.8103544083140654,0.9563864923907468,0.7115161718740741,32.0,28.546832778419066,25.93134106605009
85,47.3143978540233,0.8893054087245877,0.816019021594088,0.9550737127473723,0.7161811158783195,33.0,29.347078487911396,26.928627712604904
86,48.87281981120074,0.8852801834328324,0.8178569497902276,0.9577488403645873,0.7208593237126539,34.0,30.099526236716304,27.80713629286774
87,53.27938957105921,0.8920764132149234,0.8170674823386478,0.9481254636623744,0.727214277721779,37.0,33.00682728895217,30.231496846529968
88,53.13852272086527,0.8766911933861027,0.8122315226391512,0.974655797434886,0.7161802015133981,37.0,32.4375741552858,30.052566337648596
89,52.675438069276275,0.8930397941070877,0.8066589379307122,0.9563245787958338,0.706152943488946,37.0,33.04247238196224,29.846380703436353
90,55.130541633023164,0.8925569800982966,0.8063163658611914,0.961787076700817,0.6885062569025162,39.0,34.80972222383357,31.446338268586462
91,52.685604636789094,0.8934932879990174,0.8154362187361824,0.9608271975561292,0.693423465279495,37.0,33.05925165596364,30.17114009323875
92,52.49552458500959,0.8843686966330406,0.8041315345944012,0.9731381256189543,0.6941464697575956,37.0,32.721641775422505,29.752866779992846
93,52.462545858845715,0.8837887505929096,0.8088494601504477,0.9742942258914945,0.6884301661270386,37.0,32.70018377193766,29.927430025566565
94,55.17540598818035,0.8994735595341549,0.8052777519854707,0.9534449419632732,0.6918798918207832,39.0,35.07946882183204,31.405832327433355
95,54.60540825917019,0.8863649684944334,0.8061127428781379,0.9673045869014099,0.7190055402301592,38.0,33.681868802788465,30.63228422936924
96,53.0247120727833,0.8491001720168635,0.7348255787159658,1.0335423483089665,0.7559880285146015,37.0,31.41670636462395,27.188546412490734
97,49.438292574790495,0.8947995322953922,0.8083844379161333,0.9616049893813386,0.6829410913275806,35.0,31.317983630338727,28.293455327064667
98,46.86247577923484,0.8928206139846321,0.809040366485105,0.9644905251178919,0.6908901260680808,33.0,29.46308026149286,26.698332094008467
99,44.82673943414953,0.8797319905040427,0.7884276189452114,0.977549413534744,0.7433052156563854,31.0,27.271691705625326,24.441256187301555
100,39.73268173109,0.8754839516155732,0.8434468072071574,0.9846625650306076,0.6603475990883794,28.0,24.51355064523605,23.616510601800407
101,41.38555904308376,0.8864621079751199,0.7970545702681638,0.9625648536990135,0.7199142881761682,29.0,25.707401131278477,23.11458253777675
102,43.98532055400453,0.8834449147985035,0.8086327770207178,0.9639488171908371,0.7015367712529451,31.0,27.38679235875361,25.06761608764225
103,44.31250894224918,0.8840797501937794,0.8118560301655623,0.9586184522868307,0.7168027197914074,31.0,27.40647225600716,25.167536935132432
104,40.1568731457419,0.8315041312198828,0.8097696537077868,1.0258966294896825,0.7176568702386048,28.0,23.282115674156717,22.67355030381803
105,41.006965792298345,0.8888314572763538,0.8048678534992089,0.9545227234063417,0.7027532252343892,29.0,25.776112261014262,23.34116775147706
106,40.90551923928825,0.8941925231681574,0.8087846973695416,0.9488216392169323,0.6950006996949721,29.0,25.931583171876564,23.454756223716707
107,42.30481602410583,0.8917005088572587,0.8113337417413086,0.9512360371288449,0.6926161786143018,30.0,26.75101526571776,24.34001225223926
108,43.94835377398323,0.8848565322931805,0.8098268342660396,0.961212114259712,0.7003398618061235,31.0,27.430552501088595,25.104631862247228
109,43.782062203507394,0.8962553991603986,0.8147058554079399,0.9462159024066875,0.6926100655358,31.0,27.783917373972358,25.255881517646138
110,44.373004615595846,0.884194638890931,0.812916554301733,0.955488906352771,0.7215366374859081,31.0,27.41003380561886,25.200413183353724
111,42.086779411775524,0.8884444796338871,0.8200749888948958,0.9457259587408949,0.7451065531361631,29.0,25.764889909382724,23.78217467795198
112,40.59052324715132,0.8859200162021558,0.8221456761940577,0.9469208045833187,0.7428920052586183,28.0,24.805760453660362,23.020078933433613
113,40.08586858704234,0.8863641447539817,0.8161507958653265,0.9545522199360096,0.7174621463862035,28.0,24.81819605311149,22.852222284229143
114,39.622042369414054,0.8787081568353827,0.816473364312024,0.9678178380518524,0.6915639111064187,28.0,24.603828391390717,22.86125420073667
115,37.697779401170855,0.8910404829394247,0.8014541333162142,0.9551438261694107,0.6801914334048721,27.0,24.05809303936447,21.639261599537782
116,38.64363207801523,0.8817928294753489,0.7929147340730917,0.9695512863893857,0.6623490803700963,28.0,24.69019922530977,22.201612554046566
117,42.89993143259836,0.879582166654266,0.7932761294660984,0.9710069358404843,0.6678486238883076,31.0,27.267047166282246,24.59156001344905
118,45.98764725638455,0.8804786504395777,0.8161237499774261,0.9627838575920039,0.6688378285679952,33.0,29.055795464506065,26.93208374925506
119,45.30166084121582,0.883867412077758,0.8114372869503448,0.9615545005168866,0.6972691820348104,32.0,28.283757186488256,25.965993182411033
120,44.388637421321825,0.8861039654066648,0.8078860167726737,0.9554701458486554,0.7244161088389771,31.0,27.46922292760661,25.044466519952884
121,40.396397062154634,0.8965657603245889,0.8217802915208282,0.939987400722705,0.7300831549156593,28.0,25.10384128908849,23.00984816258319
122,40.40939921821844,0.886391404294516,0.8177326816175011,0.9520786322631589,0.7328538125517398,28.0,24.81895932024645,22.89651508529003
123,37.06481320183106,0.8990566722320215,0.816196325721459,0.9411278007555116,0.7099303091415992,26.0,23.375473478032557,21.221104468757932
124,35.45697304548497,0.8974402273627613,0.815763719013481,0.9428945269347221,0.7012906186607994,25.0,22.436005684069034,20.394092975337024
125,33.809430549385446,0.8836098371715405,0.8058110530392342,0.9565429351142121,0.699314713569419,24.0,21.206636092116973,19.33946527294162
126,32.26112702706668,0.8844661149352785,0.8054930594191108,0.9547274999390382,0.6930333757793136,23.0,20.342720643511406,18.52634036663955
127,31.206022260218635,0.8757885920856532,0.8100843367761595,0.9618649053259903,0.7111176206210155,22.0,19.26734902588437,17.82185540907551
128,37.224417901856974,0.8721366431249462,0.7927969100098428,0.9382816203209979,0.773714668212376,26.0,22.6755527212486,20.612719660255912
129,41.431120595970356,0.8977671424881237,0.8290515337799059,0.9216968680162517,0.7251541586508033,29.0,26.03524713215559,24.04249447961727
130,45.598516407144785,0.8786940787791871,0.8132506544814835,0.9542763607650664,0.7211019711677485,32.0,28.11821052093399,26.02402094340747
131,42.88119732244715,0.8861817098105774,0.8098844499245567,0.9485798022036211,0.7269668816679122,30.0,26.585451294317323,24.2965334977367
132,40.160070425154984,0.8913816726851954,0.8190143578807014,0.943136161283921,0.7247662202048099,28.0,24.95868683518547,22.93240202065964
133,41.136803244763115,0.8960414190617534,0.8110816309345816,0.9442613166918341,0.7057405626147967,29.0,25.985201152790847,23.521367297102866
134,38.15347175881509,0.891210073937432,0.8040239517012702,0.9527139367646087,0.7015006050555211,27.0,24.062671996310666,21.708646695934295
135,36.90298309136085,0.8804429923569358,0.8081619677761235,0.9649375215361254,0.7050233088585104,26.0,22.89151780128033,21.01221116217921
136,36.46960857909336,0.8951168522479713,0.8119489212555443,0.945364090081406,0.6853459742758625,26.0,23.273038158447253,21.11067195264415
137,33.409363266195406,0.8791784527269839,0.8018719355423227,0.9700995283214919,0.672384425192068,24.0,21.100282865447614,19.244926453015744
138,33.666690678219624,0.8817961359669347,0.8021040504285314,0.9620660413521098,0.6912228658534323,24.0,21.163107263206435,19.250497210284752
139,31.06289040103013,0.8946729047744281,0.810996618393034,0.938294591821139,0.7059003733194237,22.0,19.682803905037417,17.84192560464675
140,28.524328467780585,0.8882860252198076,0.8213247161001874,0.937940118844511,0.7220741220870576,20.0,17.765720504396153,16.426494322003748
141,26.92086556129751,0.8762442205239549,0.8117711263966582,0.95216136627514,0.7176428773736389,19.0,16.64864018995514,15.423651401536505
142,25.27134529309223,0.8823143700898332,0.8096017130620892,0.9395754428622293,0.7101797131808375,18.0,15.881658661616997,14.572830835117605
143,23.57556388071289,0.877109558009811,0.8080878746322038,0.9455800091768226,0.6898019744174024,17.0,14.910862486166788,13.737493868747464
144,21.978343081336263,0.8865773948942453,0.8029139226961913,0.9347887431409199,0.678632987311329,16.0,14.185238318307924,12.846622763139061
145,20.005655197026236,0.8560172408480595,0.803041204721387,0.9567269966068367,0.6409827286095076,15.0,12.840258612720893,12.045618070820804
146,20.580337109101848,0.8729864612443289,0.8003489655405924,0.9365186849803547,0.6927657373498659,15.0,13.094796918664933,12.005234483108886
147,19.423327441923306,0.8679797901583636,0.8135595355246331,0.9325735554718767,0.7103666140518533,14.0,12.15171706221709,11.389833497344863
148,19.700111588712865,0.8839511525133777,0.8224384124199189,0.9081965797412284,0.7348263471984705,14.0,12.375316135187289,11.514137773878865
149,18.06018250656392,0.8340589458791945,0.8328771206830287,0.9367426748772097,0.7299350469977075,13.0,10.842766296429529,10.827402568879373
150,17.257786335504992,0.8701049515684821,0.8251220728587303,0.9066334580932184,0.7868927780564678,12.0,10.441259418821785,9.901464874304764
151,19.54818562626271,0.8707802920096536,0.8213478683515654,0.9061126813755014,0.7393626153087376,14.0,12.19092408813515,11.498870156921916
152,21.03226006383559,0.870751476087195,0.8246147740244494,0.9028157624888916,0.7470427798594341,15.0,13.061272141307926,12.36922161036674
153,22.36883327469568,0.8699020014947749,0.8101295312423589,0.9059811223213765,0.7528885993197587,16.0,13.918432023916399,12.962072499877742
154,24.98120769097077,0.8731637301697043,0.8150066844660047,0.9118785672931526,0.7259150037876545,18.0,15.716947143054677,14.670120320388083
155,27.46211054757901,0.8875081685692099,0.7829271448734488,0.9138051085244886,0.7179416792019007,20.0,17.750163371384197,15.658542897468976
156,31.742693181578655,0.877706093164159,0.8096335579252172,0.9280571231801208,0.6985329319611671,23.0,20.187240142775657,18.621571832279994
157,31.978017092418895,0.8867521016040424,0.8072287488177284,0.9266522022044724,0.7044320241413652,23.0,20.395298336892974,18.566261222807753
158,33.592221132279334,0.8783150825201963,0.8101500537814335,0.941139552330828,0.7073489833992773,24.0,21.079561980484712,19.4436012907544
159,35.21501641588922,0.8796026095021218,0.8061323397855881,0.9434727530456762,0.7178964699721221,25.0,21.990065237553043,20.153308494639703
160,36.84404711127375,0.8828889028174767,0.8173157742214661,0.9437178229782673,0.7143881962960837,26.0,22.955111473254394,21.250210129758116
161,40.0630408818422,0.8828718493291892,0.8141390169200604,0.9423287102711146,0.7355837087746097,28.0,24.720411781217297,22.79589247376169
162,46.64096746865364,0.8854638501096288,0.8107827654621201,0.9458901482625724,0.7101916106661728,33.0,29.220307053617752,26.755831260249966
163,51.0022167217996,0.8724070343818731,0.8189561949711629,0.9689027332335852,0.6977793020877386,36.0,31.40665323774743,29.482423018961864
164,59.153162206613985,0.8824345310359426,0.8185183550269546,0.9627907923154316,0.6827076988957765,42.0,37.062250303509586,34.37777091113209
165,59.84218342058125,0.878486821075116,0.8028012952120874,0.9728478221538518,0.7102378928546704,42.0,36.89644648515487,33.71765439890767
166,63.29092229391141,0.8840203763971495,0.8116059099801309,0.9785361440933562,0.7064810084105515,44.0,38.89689656147458,35.71066003912576
167,64.56118864859982,0.8898633746619348,0.8176803240424306,0.9627476182861768,0.7068523230040773,45.0,40.04385185978706,36.795614581909376
168,64.43170708540836,0.8847504256087619,0.8133138422893685,0.9748823279462345,0.699961231248338,45.0,39.813769152394286,36.59912290302159
169,64.37168763535668,0.8888031402166205,0.8236237124729617,0.9711850979934343,0.6887727660498159,45.0,39.99614130974793,37.06306706128328
170,62.62949090787552,0.8805071465765919,0.8078972262145265,0.981458264583146,0.6921876774124761,44.0,38.74231444937004,35.54747795343917
171,62.85099433155591,0.8738770097776362,0.8089085806097713,0.9952872293913395,0.6906504330094165,44.0,38.450588430215994,35.59197754682994
172,64.36241544259258,0.877826840785531,0.8016098813104678,0.9888501428477757,0.7013844451352741,45.0,39.50220783534889,36.07244465897105
173,71.17720816700457,0.8877031339686149,0.8178043588825487,0.9768054642436608,0.6803960940164655,50.0,44.38515669843074,40.890217944127436
174,73.13497920331591,0.8959625091334217,0.8073532918390768,0.9635945065750695,0.706846251740539,51.0,45.694087965804506,41.17501788379292
175,73.51931639118149,0.8896958016972483,0.8137672063259808,0.9728042962398024,0.7078871213300575,51.0,45.37448588655966,41.50212752262502
176,73.48571893087262,0.8906018910542963,0.8186319948794917,0.969969148436457,0.7048833851748778,51.0,45.42069644376911,41.750231738854076
177,72.6500736341861,0.879917696987993,0.8173766801461455,0.984391220735812,0.7179287482164834,50.0,43.99588484939965,40.86883400730728
178,72.74690435269308,0.8927051301789232,0.819810817591857,0.9667032621506729,0.7220655215432418,50.0,44.635256508946156,40.99054087959285
179,71.45688226361035,0.8793303073435631,0.8174133960686709,0.9849404656912171,0.7244996474273531,49.0,43.08718505983459,40.05325640736488
180,70.23883489739458,0.8821971050097219,0.8149772681438184,0.9811414746918831,0.733454680454663,48.0,42.34546104046665,39.11890887090328
181,67.35753515262296,0.8858823456996504,0.8329384825793823,0.9723235371042032,0.7238589634523354,46.0,40.750587902183916,38.315170198651586
182,66.91937502775167,0.8960198987370214,0.8222742234450672,0.9602817508790097,0.722797149922471,46.0,41.21691534190298,37.82461427847309
183,66.46701798644355,0.8948645300043828,0.8303187826977141,0.9635573036744803,0.7017568819053381,46.0,41.16376838020161,38.19466400409485
184,71.97578376776589,0.8848165943886978,0.8136173520668671,0.9786913096933436,0.7049423937402722,50.0,44.240829719434885,40.68086760334336
185,73.26189065636824,0.8927664948384565,0.8080406994131164,0.9683043193196655,0.7079321712981876,51.0,45.531091236761284,41.21007567006894
186,71.58561191098447,0.8882895095935248,0.810513143299481,0.9773188241340726,0.6953251577376051,50.0,44.41447547967624,40.52565716497405
187,73.46835439424072,0.8938400742381893,0.8176546336049915,0.9691780716963463,0.7023329231652884,51.0,45.585843786147656,41.700386313854565
188,75.40842442752086,0.8748290642354883,0.8186265716122413,0.9908767782289473,0.7125522476042321,52.0,45.491111340245396,42.568581723836544
189,74.01559578340479,0.8993250230416794,0.8202096665126012,0.958893707482267,0.7180226109251875,51.0,45.865576175125646,41.83069299214266
190,71.76250671633596,0.8505958263012159,0.8343531670463737,1.0235907120550714,0.7117836778665576,49.0,41.679195488759575,40.88330518527231
191,66.86861669647911,0.888157868685973,0.8249572928965286,0.9722636527198614,0.7153606275612986,46.0,40.85526195955476,37.94803547324032
192,67.59527900420628,0.8417402495604741,0.7687212873953013,1.0736257779312235,0.7784398464907859,45.0,37.878311230221335,34.59245793278856
193,63.45329677411978,0.88974685389212,0.8058418575159182,0.9718768414521366,0.7165128167420117,44.0,39.148861571253285,35.4570417307004
194,62.68982047213629,0.8372839723150904,0.7603153583841947,1.029840585868189,0.783403594998263,43.0,36.00321080954889,32.69356041052038
195,58.932439407315776,0.8851994877917312,0.805075092136854,0.9765702357741421,0.7116318763378541,41.0,36.29317899946098,33.00807877761101
196,57.476517031877094,0.8835677336795489,0.8127834288168949,0.9779191598221724,0.7048065815821345,40.0,35.34270934718195,32.51133715267579
197,54.94938641849501,0.8780178604907697,0.7943427756986928,0.977113801048871,0.740376992951195,38.0,33.36467869864925,30.185025476550326
198,51.77608839088391,0.89573795559361,0.8169947348715353,0.9611428104548464,0.7066050205880532,36.0,32.24656640136996,29.41181045537527
199,48.751400183122485,0.8864108279423617,0.817214081251568,0.9670505982847372,0.7056420135314109,34.0,30.137968150040297,27.78527876255331
200,46.58738516516864,0.8779686308508619,0.8167709826623993,0.9646540749117914,0.6915070919426779,33.0,28.97296481807844,26.953442427859176
201,45.79585559973444,0.8897023414100163,0.8101277129468049,0.9636504272868269,0.7082320933656583,32.0,28.47047492512052,25.924086814297755
202,45.621463570136186,0.8916684396973086,0.8062078746640295,0.9594110411192374,0.7072545535991095,32.0,28.533390070313875,25.798651989248945
203,51.69603899934022,0.8887989906808387,0.8176468600425436,0.9564229745738676,0.7166092569832654,36.0,31.99676366451019,29.43528696153157
204,50.41935570677971,0.8814762150093984,0.8163467950941182,0.9658633217469346,0.7217122412489989,35.0,30.851667525328946,28.57213782829414
205,48.775588094919016,0.8941331766001839,0.812053197853493,0.9512119968671484,0.7192458789690547,34.0,30.40052800440625,27.60980872701876
206,45.92689245087817,0.8796926144279514,0.8133804020253732,0.9692014770358496,0.7162897045442581,32.0,28.150163661694446,26.028172864811943
207,43.0283877340938,0.8873822207624172,0.8154519646984713,0.9608804687296777,0.7132380226994091,30.0,26.621466622872518,24.463558940954137
208,40.220742927939924,0.8939572883815512,0.8165049564030135,0.9486889256410337,0.7205929620777572,28.0,25.030804074683434,22.862138779284376
209,41.597135774769114,0.8897112399773952,0.8115370634072129,0.9522613668689314,0.7234991193979191,29.0,25.80162595934446,23.534574838809174
210,39.70030427110882,0.8997681058035091,0.8205154351883793,0.9369396448644957,0.7005835302032343,28.0,25.193506962498255,22.974432185274622
211,36.79074282030187,0.8842354233574915,0.8127123843815605,0.9609545421744672,0.6955948185960635,26.0,22.99012100729478,21.13052199392057
212,36.608534913932836,0.8857848206036808,0.8000245782865087,0.9569296854876062,0.700461959585118,26.0,23.0304053356957,20.800639035449226
213,37.437293480783495,0.892023440976831,0.7999282686303928,0.9539122504311527,0.6696279631569734,27.0,24.084632906374434,21.598063253020605
214,34.70490364913031,0.9036004798390406,0.8030100524091768,0.9402827717627033,0.6706717812563909,25.0,22.590011995976013,20.07525131022942
215,33.56601663196204,0.8835945502038478,0.8082243375424829,0.956282965388862,0.6849801273551461,24.0,21.206269204892347,19.39738410101959
216,33.852706195678586,0.8828374933607543,0.8081587619856843,0.9520441743928492,0.7053430082594919,24.0,21.188099840658104,19.395810287656424
217,33.97955254568535,0.8840206999087411,0.8112904918803573,0.9418127720717685,0.7188950311766877,24.0,21.216496797809786,19.470971805128574
218,32.84448407405215,0.8733217457559316,0.8185825301268937,0.9617248251335963,0.718468598864747,23.0,20.086400152386425,18.827398192918555
219,31.539232703361904,0.8780363714444859,0.8207960706198771,0.9469385931336365,0.73362310295405,22.0,19.316800171778688,18.057513553637296
220,28.890995421304012,0.888662125536787,0.8229685219515354,0.9318079694261918,0.7491019448725749,20.0,17.77324251073574,16.459370439030707
221,27.113852630796348,0.8837536588003546,0.8115271670312182,0.9395487650030564,0.7352991259617445,19.0,16.791319517206738,15.419016173593146
222,26.711769744884798,0.8739702633641176,0.8126918280330397,0.9489607721072525,0.7093945113566485,19.0,16.605435003918235,15.441144732627755
223,25.01037416776775,0.8822227567488877,0.8087137525698368,0.9431868541144388,0.689198524453645,18.0,15.88000962147998,14.556847546257062
224,25.978318537785285,0.8956246788139238,0.8033730667836464,0.9295395492971326,0.665645121634706,19.0,17.01686889746455,15.264088268889282
225,26.846417467611793,0.8838321705442519,0.7841515866545232,0.9479896170505031,0.6433158601918126,20.0,17.67664341088504,15.683031733090464
226,30.773522619505613,0.8973692074864129,0.8008583900518143,0.9329484732765412,0.6253040718023851,23.0,20.639491772187498,18.419742971191727
227,36.84870483610456,0.8843421827847362,0.792649648763822,0.942692847673715,0.6700359938373809,27.0,23.877238935187876,21.401540516623196
228,42.53268255222683,0.9029564580666433,0.8004595425378339,0.9245937369779577,0.6710571907463542,31.0,27.99165020006594,24.814245818672852
229,44.905738564366104,0.8796265545606886,0.8057163357748486,0.9530747272277673,0.7011828685872443,32.0,28.148049745942036,25.782922744795155
230,49.834535306434375,0.8853784101815447,0.8178261154533953,0.9495501388584405,0.7130276993474223,35.0,30.988244356354066,28.623914040868836
231,52.033805500010956,0.8737430745803556,0.8165119172061243,0.9714775790223659,0.7306221339325953,36.0,31.4547506848928,29.394429019420475
232,51.40769584607061,0.8903537924360396,0.8105345929519735,0.9531320089065229,0.7147959599695514,36.0,32.05273652769743,29.179245346271045
233,48.786798902091824,0.8777716623521312,0.8146742844226943,0.974668887587366,0.7111665747147278,34.0,29.844236519972462,27.698925670371604
234,47.172494817123,0.8933317557185535,0.8237139652793368,0.9642318142706894,0.6896697935163051,33.0,29.479947938712264,27.182560854218114
235,45.79002760605344,0.8796142718068904,0.8173827736392281,0.9780859590777483,0.6980817463157117,32.0,28.147656697820494,26.156248756455298
236,44.38512936315176,0.8804660961169293,0.8086638991414533,0.9702186505944557,0.7141826653789122,31.0,27.294448979624807,25.068580873385052
237,41.68583356501092,0.8890771228811282,0.8155693159179728,0.9518239942425958,0.7248894568435974,29.0,25.783236563552716,23.65151016162121
238,40.17131866968033,0.8933241189674287,0.8124264878105248,0.9489998707812592,0.7224351837720911,28.0,25.013075331088004,22.747941658694696
239,39.93248085971993,0.8892609068993972,0.8145632810584548,0.9551249995138911,0.7081152819517795,28.0,24.89930539318312,22.807771869636735
240,36.860328673596285,0.8830246673339094,0.7999498454752721,0.9636586490999269,0.7085076572554762,26.0,22.958641350681646,20.798695982357074
241,34.76558911186947,0.8873356331444032,0.8032454284804746,0.9499452742620204,0.6818629196820492,25.0,22.18339082861008,20.081135712011864
242,31.976808199772194,0.8850242912407271,0.8011536058007153,0.9615308211663065,0.6731766184062793,23.0,20.355558698536726,18.42653293341645
243,28.189981062349723,0.8720716853574795,0.8057879409525475,0.9696678035404933,0.6997861208750075,20.0,17.44143370714959,16.11575881905095
244,26.624157304529184,0.8666461815084942,0.7990573798348113,0.9736358636918744,0.6976640823309109,19.0,16.46627744866139,15.182090216861415
245,25.141108847531726,0.878404455168792,0.8045260611915552,0.958509284127165,0.6895605631316868,18.0,15.811280193038256,14.481469101447994
246,23.743796415484855,0.8582474590669663,0.8040167990963738,0.9861172708795528,0.6845146336958936,17.0,14.590206804138427,13.668285584638355
247,22.814819141120253,0.8025519467106591,0.827967745558814,1.1005906336500264,0.6553939373404283,16.0,12.840831147370546,13.247483928941024
248,21.83831354081942,0.8823525817874104,0.7819906796316857,0.9396784095096936,0.6851321116420364,16.0,14.117641308598566,12.51185087410697
249,20.52258748512515,0.8822205900436356,0.8071790012430174,0.9297538962341898,0.6788140762253099,15.0,13.233308850654534,12.107685018645261
250,20.777156552362097,0.8734390216302625,0.8123656740769815,0.9296292330676471,0.7055558114259532,15.0,13.101585324453938,12.185485111154723
251,19.567871256689934,0.8633709881472665,0.8111172730237096,0.9325198229902704,0.7305904441073602,14.0,12.08719383406173,11.355641822331934
252,19.726609431341785,0.8683145479114488,0.8145322873628654,0.9198431681257051,0.749301575393199,14.0,12.156403670760284,11.403452023080115
253,21.264982603471037,0.8842795947224824,0.8245316278744759,0.8961964566811297,0.7582210872904562,15.0,13.264193920837236,12.367974418117138
254,21.890331977738906,0.8578068884106793,0.834659571934324,0.9393103645214007,0.78308400947928,15.0,12.86710332616019,12.51989357901486
255,21.376037773513875,0.8759818594679458,0.8232783618607573,0.9010375847676166,0.7722498676009311,15.0,13.139727892019188,12.34917542791136
256,21.45882107738526,0.8675192514196095,0.8317190887368321,0.9208433903155565,0.7595577782684848,15.0,13.012788771294142,12.47578633105248
257,21.284435008783362,0.8779534780232668,0.816662869619937,0.9023637198930448,0.7674267937373589,15.0,13.169302170349003,12.249943044299055
258,19.978874175009942,0.8194329546170198,0.791610417697287,1.0008824905281442,0.766673013727697,14.0,11.472061364638277,11.082545847762018
259,22.667120438228665,0.8817767042573021,0.8219429688193248,0.8974534718776002,0.7608088230635464,16.0,14.108427268116834,13.151087501109197
260,26.556270330373536,0.8596350997196023,0.8181749333674894,0.9048761107867913,0.7575826970883494,19.0,16.33306689467244,15.545323733982299
261,25.142083586199476,0.8684755134656729,0.8153524032077208,0.9287649996866805,0.7238253780106142,18.0,15.632559242382111,14.676343257738974
262,23.5044756610431,0.8745292096147128,0.8053095757848128,0.9269267812603863,0.7102755103982066,17.0,14.866996563450117,13.690262788341817
263,23.381743919240073,0.8738004596305095,0.8087737483754643,0.9334893020998843,0.6920517895406342,17.0,14.85460781371866,13.749153722382895
264,24.58510454088102,0.877022831529584,0.8063377942169522,0.9403799151405728,0.6710642725055411,18.0,15.786410967532513,14.514080295905138
265,24.473894285026773,0.8789207345935394,0.8035949801860761,0.9449903804175672,0.6584027617365767,18.0,15.82057322268371,14.46470964334937
266,24.492662744927184,0.8787412934157665,0.8099115849865041,0.9400978802462225,0.6600728629078819,18.0,15.817343281483796,14.578408529757073
267,24.513440907768505,0.8868348967907874,0.802956479856783,0.9290389542552852,0.6699661520805026,18.0,15.963028142234174,14.453216637422093
268,25.6641949142057,0.8681335016798916,0.7976627698062477,0.9422332487293217,0.6679048732065935,19.0,16.49453653191794,15.155592626318708
269,24.339121217641733,0.8662918804173176,0.778018039502205,0.9535611977342578,0.6762196391211123,18.0,15.593253847511718,14.004324711039692
270,25.65778958842017,0.8788721180542974,0.7981685759103527,0.9431042729599262,0.6534232794378175,19.0,16.69857024303165,15.165202942296702
271,24.284267354355098,0.8808742594658179,0.7943228409284487,0.9448103491931946,0.6507012272812147,18.0,15.855736670384722,14.297811136712077
272,25.625038495821535,0.8795596011122622,0.7930390162652857,0.9456892255522505,0.6517916370036116,19.0,16.711632421132983,15.067741309040429
273,25.644468100121443,0.8729374882172222,0.7887612650434912,0.9577639279254645,0.6511993331698098,19.0,16.58581227612722,14.986464035826334
274,25.582328472999105,0.8804416119298502,0.7945496287707524,0.9475479707884827,0.644613828206909,19.0,16.728390626667153,15.096442946644295
275,25.472427037852025,0.8804650192683119,0.7932167799620916,0.9485726976099164,0.637239388921447,19.0,16.728835366097925,15.071118819279741
276,24.12374270091014,0.867218582967534,0.8209313677294285,0.9661493594123424,0.6119211290624569,18.0,15.609934493415611,14.776764619129715
277,25.68891105831713,0.8503267477816043,0.7431187948411896,1.0043428468146443,0.6701867417504385,19.0,16.156208207850483,14.119257101982603
278,25.562525099213435,0.879081199262293,0.787344889460813,0.951502670367603,0.6464104309279864,19.0,16.702542785983567,14.959552899755447
279,25.398831011420064,0.8620379782473981,0.7960473726216359,0.9699405870186371,0.628926084192664,19.0,16.378721586700564,15.124900079811082
280,25.375719845655198,0.8734036472683921,0.8037970033619566,0.9535293934467891,0.6254665671631897,19.0,16.59466929809945,15.272143063877175
281,24.116873887502763,0.8819979529705472,0.7961445928850583,0.9470263978239011,0.6337428995973582,18.0,15.875963153469849,14.33060267193105
282,25.04843647679528,0.8354313442307101,0.7337562175424136,1.056117236878029,0.6940538958591274,18.0,15.037764196152782,13.207611915763446
283,22.907775995600993,0.8800350408338529,0.7937336200565555,0.9483023854687473,0.6462834552478357,17.0,14.960595694175499,13.493471540961442
284,23.007730318022553,0.8824721402372756,0.7954597112168215,0.9406459785621594,0.657861138375337,17.0,15.002026384033686,13.522815090685965
285,23.01466436497462,0.8850026448595151,0.7964371100776926,0.9288780062016067,0.6676538388358758,17.0,15.045044962611756,13.539430871320773
286,24.57745548714304,0.8793330615586057,0.8044550076711412,0.9355352395954922,0.6747016577993413,18.0,15.827995108054903,14.480190138080541
287,24.533424051083916,0.8769741872357663,0.8077837663726234,0.9388821308688595,0.6679914002631537,18.0,15.785535370243792,14.540107794707222
288,24.74972759007575,0.8537676239050952,0.784041867993374,0.9579723974201374,0.7105475757679424,18.0,15.367817230291713,14.112753623880733
289,25.927041569913946,0.8643462414047838,0.8023824456618277,0.9557879379814858,0.6710633145023188,19.0,16.422578586690893,15.245266467574726
290,25.699993252119974,0.8847940693172291,0.8051966034792554,0.9361961578397168,0.6511334168030147,19.0,16.811087317027354,15.298735466105851
291,25.630444077143345,0.8746173242239184,0.8042597706213609,0.9536100949030337,0.640249394729078,19.0,16.61772916025445,15.280935641805858
292,26.28627420921807,0.8432780798333499,0.7610324551425607,0.9757321519130319,0.6458333959909099,20.0,16.865561596667,15.220649102851214
293,30.777768022121244,0.8943902311193392,0.7913852024786322,0.9368168204472933,0.6321624575813553,23.0,20.570975315744803,18.20185965700854
294,29.999516016271674,0.8862730639464736,0.7915626137718261,0.9428752484882198,0.6669964192260717,22.0,19.49800740682242,17.414377502980173
295,27.771867451351724,0.8801091112028827,0.8057136854977334,0.94375191358799,0.6925397008230539,20.0,17.602182224057653,16.114273709954666
296,27.66059735558511,0.8833125350324235,0.8095529444808633,0.9426125724975875,0.6798917483598733,20.0,17.66625070064847,16.191058889617267
297,27.630709726086685,0.8766138646969577,0.8037818356621685,0.9506114830253775,0.6820461175171023,20.0,17.532277293939153,16.07563671324337
298,27.72226608782731,0.8782483750748737,0.8019902324800333,0.9511990685123924,0.6866969768379749,20.0,17.564967501497474,16.039804649600665
299,27.0899719890001,0.8965488358815952,0.8018748765101449,0.9342135588639103,0.6446523465549979,20.0,17.930976717631903,16.0374975302029
300,25.127129862437847,0.8729011239722516,0.7842760068667657,0.9657967865128009,0.6113095573524424,19.0,16.58512135547278,14.901244130468548
301,23.837623921138444,0.8789952432678613,0.7899403042589783,0.9566759483626612,0.6119434968660838,18.0,15.821914378821504,14.21892547666161
302,24.011142113391628,0.8912505866694508,0.7838880413410764,0.9421035757645357,0.6305772622627157,18.0,16.042510560050115,14.109984744139375
303,24.087669026793634,0.8806080014971016,0.7890441989368081,0.9490616301573895,0.6367863423473796,18.0,15.850944026947829,14.202795580862546
304,24.17085242669807,0.8641676148201055,0.808414281041892,0.9623650507776315,0.6323248318189155,18.0,15.555017066761899,14.551457058754055
305,23.019327596917805,0.879110699800941,0.7945522407534641,0.9441617861056869,0.6595606160907801,17.0,14.944881896615998,13.50738809280889
306,24.35903811247747,0.8744163056187277,0.8081252292540088,0.9464996717259919,0.6504501157610026,18.0,15.7394935011371,14.546254126572158
307,25.804759783710992,0.8884975064109086,0.801808408700172,0.9289818015548743,0.6644320910219574,19.0,16.881452621807263,15.234359765303267
308,25.765298582720625,0.8872855306157645,0.7973221838884246,0.9323618960023378,0.6632163729093288,19.0,16.858425081699526,15.149121493880067
309,31.09086188693086,0.8824173108542444,0.7890009333714217,0.9405417528613758,0.6613759976730984,23.0,20.29559814964762,18.1470214675427
310,34.384486051363474,0.8746503381231577,0.8006921146141034,0.9480565472249218,0.6821117037322294,25.0,21.86625845307894,20.017302865352583
311,37.34739617742879,0.8809592540825224,0.8066813182876035,0.9450524211717412,0.6826539885725394,27.0,23.785899860228106,21.780395593765295
312,36.27328258322162,0.8925855486509922,0.805921589859358,0.9399603601388433,0.6900562367775369,26.0,23.207224264925795,20.95396133634331
313,33.15129792394295,0.8119202160392333,0.7802205457262412,1.0379716741271106,0.6902585393507,24.0,19.486085184941597,18.72529309742979
314,32.69550115718226,0.8691771419778302,0.8135533483023336,0.9659784760720594,0.7153029592258144,23.0,19.991074265490095,18.711727010953673
315,32.433501338605616,0.8462380439725797,0.8497982468972707,1.0421081417772928,0.6970813454876478,22.0,18.617236967396753,18.695561431739954
316,28.559359055930372,0.8882513572082502,0.8132094884142145,0.9382960326997334,0.7310849624334902,20.0,17.765027144165003,16.26418976828429
317,26.98185779488285,0.8791587951283911,0.813678598694844,0.9481615331707133,0.7208168293099644,19.0,16.70401710743943,15.459893375202038
318,25.352774107755344,0.8723657616672233,0.8085286932110952,0.9523367482302092,0.71450955612096,18.0,15.702583710010021,14.553516477799715
319,23.657794615826642,0.8884236939163286,0.8110929454678569,0.9327879870833683,0.694031468799765,17.0,15.103202796577586,13.788580072953568
320,30.271256935158473,0.8758714609219993,0.7976995925092457,0.945343282177999,0.6869340636964056,22.0,19.269172140283985,17.549391035203406
321,35.69209799549209,0.8830632459208875,0.8089290069895289,0.9368581087783047,0.6743089104339737,26.0,22.959644393943073,21.03215418172775
322,38.8388998165621,0.8730440955222856,0.8148450011427488,0.9531593140752777,0.6810540076375888,28.0,24.445234674623997,22.815660031996966
323,36.36158571741396,0.8872170721183631,0.8123934778575516,0.9394989737710157,0.6954548678991044,26.0,23.06764387507744,21.12223042429634
324,35.1906398498091,0.8805953337457216,0.8065780038777878,0.952365815234763,0.7054205524353758,25.0,22.014883343643042,20.164450096944694
325,35.395591710332006,0.885881710583523,0.803055579537463,0.9477240702006058,0.7175745522802961,25.0,22.147042764588075,20.076389488436575
326,33.763813646027444,0.8801101796776251,0.8063301423439944,0.9610010590735625,0.6957928574788502,24.0,21.122644312263002,19.351923416255865
327,32.552653127786826,0.8745556942300562,0.7976866861854341,0.9652887552872677,0.7159878396677812,23.0,20.114780967291292,18.346793782264985
328,31.320728853259617,0.8871555481682877,0.8162170777000082,0.9405282274691407,0.721958256230496,22.0,19.51742205970233,17.95677570940018
329,28.748456523448983,0.885128063614786,0.8138637488016436,0.9353305798328172,0.7489404486965171,20.0,17.70256127229572,16.27727497603287
330,26.759773126453382,0.8631596559333139,0.8254981429607035,0.9618631783722098,0.7003863385401239,19.0,16.400033462732964,15.684464716253366
331,25.34320801672332,0.8972495609968,0.8064144030204802,0.9227263317815048,0.7192830418769186,18.0,16.1504920979424,14.515459254368643
332,23.646154487824873,0.8852368697248577,0.8085582725801761,0.9374304960010162,0.6939539735764679,17.0,15.049026785322582,13.745490633862994
333,22.013307126842072,0.8724753495492765,0.8024768996114875,0.953064263355822,0.6782832245723912,16.0,13.959605592788424,12.8396303937838
334,20.27432010197458,0.8893776995679804,0.8033438180053736,0.92875853323304,0.6542705633756307,15.0,13.340665493519706,12.050157270080604
335,20.610068447166732,0.8786169551762074,0.8020688653112098,0.9323309636366094,0.6917645038400385,15.0,13.179254327643111,12.031032979668147
336,19.403349649150822,0.8899808770891195,0.8193725895945798,0.90826226350922,0.7049509683364347,14.0,12.459732279247675,11.471216254324117
337,18.256965731941683,0.8794998766851889,0.8194249732359411,0.909472787769235,0.7377133897949865,13.0,11.433498396907456,10.652524652067234
338,17.11460699369197,0.8614471051522236,0.8185322166314243,0.9201548276640147,0.7740105081002617,12.0,10.337365261826683,9.822386599577092
339,15.334611742403428,0.8718238455928844,0.819738016984728,0.9099962300599568,0.7327941216993218,11.0,9.590062301521728,9.017118186832008
340,14.95838526849893,0.8759799258000814,0.822001953626822,0.9113301608525193,0.6831447018666622,11.0,9.635779183800896,9.042021489895042
341,14.44663449931323,0.8695878082972598,0.7939528499733045,0.9135551163544776,0.6535829144721691,11.0,9.565465891269858,8.73348134970635
342,14.029805635425538,0.881289243964793,0.777965554139604,0.9136109717839929,0.6045015114665737,11.0,9.694181683612722,8.557621095535644
343,13.325949675235247,0.8599597921891445,0.7576979640004088,0.9403190417309113,0.5316279334192643,11.0,9.45955771408059,8.334677604004497
344,14.385566673897442,0.947887059474259,0.7537845037474518,0.9402556524691846,0.5525752000635669,11.0,10.42675765421685,8.291629541221969
345,14.360768725543803,0.8071769292589376,0.6734144522201501,0.955870727425251,0.7929257076423826,11.0,8.878946221848313,7.407558974421651
346,12.592757578174922,0.8768944579126028,0.7298096182549685,0.8572366221201463,0.5386200600554977,11.0,9.64583903703863,8.027905800804653
347,13.094814683161172,0.7849027275004224,0.8384273392866864,1.029986319340267,0.45561327646578864,11.0,8.633930002504647,9.222700732153552
348,13.0006111862426,0.7966344224870588,0.7642522063657227,0.9231848422467293,0.5841434500723032,11.0,8.762978647357647,8.40677427002295
349,12.511594939152683,0.9199723693327434,0.8245679293766758,0.8299374651329275,0.45344740223822116,11.0,10.119696062660177,9.070247223143433
350,13.693670023282369,0.9030737902784937,0.6325377308800503,0.8376310755042352,0.6081795276638671,12.0,10.836885483341923,7.590452770560603
351,14.48878583368678,0.8207680731434593,0.7653309320784956,1.003686905829455,0.5012271628629164,12.0,9.849216877721512,9.183971184941946
352,17.41033911294491,0.8353495953089581,0.7632449602360236,1.0076503705156148,0.5265089750179642,14.0,11.694894334325413,10.685429443304331
353,17.7564506128151,0.8637082366143608,0.7632677171770355,0.9329294714334645,0.6059984221115903,14.0,12.091915312601051,10.685748040478497
354,16.927163372653098,0.8593126718185298,0.7840510211997427,0.9263413934374787,0.6454587503997383,13.0,11.171064733640886,10.192663275596654
355,17.643174559715995,0.8653164577659208,0.8043475175190556,0.9180329428208933,0.6996705371404032,13.0,11.249113950956971,10.456517727747723
356,19.638427540485594,0.8542066160317204,0.8062627743375222,0.907540731356835,0.778303981344958,14.0,11.958892624444086,11.287678840725311
357,20.339484289637568,0.873655724732039,0.8336959445587998,0.8889779420767819,0.8110386557111371,14.0,12.231180146248546,11.671743223823198
358,21.676322594597735,0.8755959052911679,0.842120303899903,0.8842654733049434,0.7965951447202658,15.0,13.13393857936752,12.631804558498544
359,23.068804163489823,0.8440764071672172,0.8431720937452546,0.9319333311086019,0.7770386700849893,16.0,13.505222514675475,13.490753499924073
360,25.68653256545125,0.8725244559429806,0.827625721301635,0.9006434101737153,0.774741732894226,18.0,15.70544020697365,14.89726298342943
361,26.764205949158047,0.8754982317123867,0.819180710386604,0.9172451584307538,0.7392702201667583,19.0,16.63446640253535,15.564433497345476
362,26.271225536043257,0.8783940636505314,0.8118078799016968,0.923676538018309,0.703792248462789,19.0,16.689487209360095,15.42434971813224
363,24.57667549492116,0.8891348651824384,0.7996255073860072,0.9242404573071863,0.6798137895850789,18.0,16.00442757328389,14.393259132948131
364,24.31669576729223,0.8697615849034144,0.8038547233247572,0.9490444567986746,0.6537065921127081,18.0,15.655708528261458,14.469385019845628
365,25.724741312508243,0.8919782260915187,0.8003341377269728,0.936882838283759,0.6475478637133573,19.0,16.947586295738855,15.206348616812484
366,25.52638884449994,0.8882672913009745,0.7961158224818372,0.9369147011760237,0.6421973429984166,19.0,16.877078534718514,15.126200627154907
367,26.86570391249042,0.8928003519732798,0.7916149635463782,0.9333427629702948,0.6442481153314499,20.0,17.856007039465595,15.832299270927564
368,26.81417487287117,0.8877098541683878,0.796035865879212,0.9398295991869723,0.6361682543622957,20.0,17.754197083367757,15.920717317584241
369,29.417416071489214,0.8893840240156434,0.796699493498566,0.9454657153646802,0.6229113706318774,22.0,19.566448528344154,17.52738885696845
370,31.538871853931177,0.8422862609810116,0.8211085862746992,0.9975868544334561,0.6466886417319697,23.0,19.372584002563265,18.88549748431808
371,33.305536117810675,0.8768246341633449,0.8023262930953222,0.9513271665190981,0.6899731213930381,24.0,21.043791219920276,19.255831034287734
372,34.146059435476076,0.8818117114068933,0.7860551054855283,0.9483992413187334,0.7460582779774272,24.0,21.16348107376544,18.86532253165268
373,37.04505259223032,0.880224229145427,0.8185109755127038,0.9426810335331849,0.7269774588438415,26.0,22.8858299577811,21.281285363330298
374,38.90614240650992,0.8762739128431767,0.8120491769943604,0.9481134566786165,0.7513844802275342,27.0,23.65939564676577,21.92532777884773
375,39.84897319729099,0.8771254401325245,0.8175947871013521,0.954214939714711,0.716995049942752,28.0,24.559512323710685,22.89265403883786
376,39.3385315732133,0.8900588722715522,0.8132216242596165,0.945238154655704,0.6930828367217082,28.0,24.92164842360346,22.77020547926926
377,39.074109372811144,0.8864109668397118,0.8071822389700409,0.9548262717743675,0.6803115838438731,28.0,24.81950707151193,22.601102691161145
378,38.827417162151974,0.8820590107720896,0.8001428334164626,0.9658845378160836,0.668288570238843,28.0,24.697652301618508,22.403999335660956
379,37.41830842464667,0.8814295341425401,0.8075268279663542,0.9747122691111175,0.6522669903460212,27.0,23.798597421848584,21.803224355091565
380,36.01384455237577,0.881353063666273,0.7855097420266022,0.9707843688001533,0.6741407031203828,26.0,22.915179655323097,20.423253292691655
381,35.997375756949566,0.8848596726139942,0.8028504137110347,0.9621975564288973,0.6640149003031914,26.0,23.00635148796385,20.874110756486903
382,36.15886168144252,0.8944231375561518,0.8031826935265566,0.9496781114929909,0.6739579643574461,26.0,23.255001576459946,20.88275003169047
383,36.20057539015029,0.8858800811774247,0.8050078425140401,0.9494421629474488,0.6847609342430951,26.0,23.03288211061304,20.930203905365044
384,37.9135168669764,0.8641657350302583,0.8267586342797884,0.9742429861457851,0.6801222253646245,27.0,23.332474845816975,22.322483125554285
385,37.905600665243064,0.8795029814825681,0.8020556040023789,0.9639655983042738,0.6933440963687314,27.0,23.74658050002934,21.655501308064228
386,37.691165983786654,0.8921046976127244,0.8099464683866133,0.9472235826110662,0.6802258226660307,27.0,24.086826835543558,21.86855464643856
387,37.724808758588395,0.883736544037535,0.8110124693679885,0.9605536558152057,0.6761163259074685,27.0,23.860886689013444,21.89733667293569
388,39.008951248565175,0.8901047500247506,0.8047957883299833,0.9529913896707504,0.6770843927476541,28.0,24.922933000693018,22.534282073239535
389,37.04643123778514,0.8414832669973206,0.7689920320337156,0.9845732721738848,0.706883933165303,27.0,22.720048208927654,20.76278486491032
390,37.47220916625096,0.878181109249557,0.8040805925196951,0.9688434482139433,0.667892733271255,27.0,23.71088994973804,21.71017599803177
391,37.48391925350575,0.87968034888454,0.8050861708573173,0.9669158824575166,0.6678991943068225,27.0,23.751369419882582,21.737326613147566
392,37.71667018251794,0.8605207614939927,0.80196314009042,1.0006821905776884,0.6681178760333383,27.0,23.234060560337802,21.65300478244134
393,36.10175302462728,0.8770647338518224,0.8043968958748646,0.9698758450173527,0.6686811763752559,26.0,22.803683080147383,20.91431929274648
394,36.25057976577091,0.8733244383336194,0.809545402404377,0.9721772213034449,0.6734976698519362,26.0,22.706435396674102,21.048180462513802
395,36.264198058004204,0.8868616723884865,0.8128989016756606,0.9557771845844103,0.67306610318412,26.0,23.058403482100648,21.135371443567177
396,36.30058569149213,0.8870924617956464,0.8107361551521032,0.9523618292936707,0.6800527762055113,26.0,23.064404006686807,21.079140033954683
397,36.40887155998031,0.8841686029699708,0.8083718629065709,0.9547651206248849,0.68800993267911,26.0,22.98838367721924,21.017668435570844
398,35.99215709469101,0.9371637988064558,0.8642043482901305,0.9229723791735429,0.6650163053044358,25.0,23.429094970161398,21.60510870725326
399,35.223108946868635,0.884342073685656,0.8070507202806974,0.9529489586420655,0.7015562782419793,25.0,22.1085518421414,20.176268007017434
400,35.25849093840597,0.8881269638749142,0.7968884306366847,0.9463704595834656,0.7150844367387603,25.0,22.203174096872853,19.922210765917118
401,35.32587354990784,0.8824116709163206,0.8086820417629698,0.9524886850384657,0.7080011430134486,25.0,22.060291772908013,20.217051044074243
402,35.48555045808674,0.8692135816749731,0.809980731577145,0.9676610835847618,0.7139896536639933,25.0,21.730339541874326,20.249518289428625
403,34.86917924309603,0.9664148249027307,0.7693480316133245,0.8676789253327677,0.7229879978508175,25.0,24.160370622568266,19.233700790333113
404,33.41858481177127,0.9151861776513887,0.8340712108657684,0.8404199613116657,0.6805206234931981,25.0,22.879654441284718,20.85178027164421
405,36.63378334647459,0.9182024446757754,0.8419836796635621,0.903560049931419,0.6880663300329012,26.0,23.87326356157016,21.891575671252614
406,35.44832074822381,0.8840048653481237,0.8128772566763982,0.9475997933923614,0.7138224097198751,25.0,22.100121633703093,20.321931416909955
407,33.962410595471226,0.8797976724416597,0.8146621334318949,0.954730249804509,0.7059748652702011,24.0,21.115144138599835,19.551891202365475
408,38.419834318442064,0.8680116596176198,0.8141971676290589,0.9685536685405645,0.7151105070112447,27.0,23.436314809675736,21.98332352598459
409,38.12635753958526,0.8898626679446339,0.8109461342495934,0.9418953298151744,0.7077286652313817,27.0,24.026292034505115,21.89554562473902
410,36.53316545064833,0.8832147859214107,0.8117099832465007,0.9534127263274604,0.6936634299751048,26.0,22.963584433956676,21.10445956440902
411,35.19422703341903,0.8900742645525681,0.8070646781813972,0.9470952102606943,0.6998001819078153,25.0,22.2518566138142,20.17661695453493
412,36.885592292742885,0.8518791294768137,0.825457584939068,1.0079726357654826,0.6784185951758451,26.0,22.148857366397156,21.461897208415767
413,37.80340961603429,0.8840826032799134,0.8043326954749456,0.9546285738328486,0.6914499068416047,27.0,23.87023028855766,21.71698277782353
414,39.231276537524856,0.8886442325598324,0.8061383108694029,0.9505262544581977,0.6902504666677276,28.0,24.882038511675308,22.57187270434328
415,39.15862152780307,0.8921262831130423,0.804918125328464,0.9490599614386512,0.6855863276114905,28.0,24.979535927165184,22.53770750919699
416,47.48247072893189,0.8833995325958096,0.8074022485165027,0.963769409691401,0.6751898594330277,34.0,30.035584108257527,27.45167644956109
417,55.9198313821897,0.8896662164440678,0.8048097915844779,0.95586519738105,0.6804027693203115,40.0,35.586648657762716,32.19239166337911
418,59.257871720824284,0.8976170290625152,0.8157804332238374,0.9467102095380698,0.6878303022695788,42.0,37.699915220625634,34.26277819540117
419,58.38198199813254,0.8955185889591377,0.8152934562542067,0.9527553848961235,0.7000431785127742,41.0,36.71626214732465,33.427031706422476
420,56.486669888542885,0.8774039468594705,0.8117703070997657,0.9783334263547749,0.7267850723290155,39.0,34.21875392751935,31.65904197689086
421,56.81748838090351,0.8907687289981643,0.8146470237754811,0.9560056034686415,0.7429951407805733,39.0,34.739980430928405,31.771233927243763
422,55.95452902782817,0.8740404466068139,0.8195403297137829,0.9789545712588635,0.752667920003431,38.0,33.21353697105893,31.14253252912375
423,50.83743964384499,0.8847930580453418,0.819798069135008,0.9666695574014633,0.7284669044853553,35.0,30.967757031586963,28.692932419725278
424,50.736336151666166,0.8815453538765032,0.8114731774634373,0.9701751103538312,0.7324410219104932,35.0,30.854087385677612,28.401561211220304
425,47.48450412196378,0.8865675809072745,0.8131156340693301,0.9657578038683136,0.7166444512917803,33.0,29.25673016994006,26.832815924287893
426,44.42245958806686,0.8847783250917247,0.803580590234463,0.9671293154161674,0.7183940460129028,31.0,27.428128077843468,24.910998297268353
427,41.45422525612222,0.8847425394280671,0.8047080263840931,0.9665637468518365,0.7136700027540702,29.0,25.657533643413945,23.3365327651387
428,38.46815153997507,0.8840963274730926,0.8136637128309374,0.9639633765012239,0.7036197673818,27.0,23.870600841773502,21.96892024643531
429,36.23130331850116,0.8211596440397312,0.8325661218967116,1.031617202614008,0.6562713000712291,26.0,21.350150745033012,21.6467191693145
430,35.43829718564053,0.8852077548407303,0.8089499444670163,0.9574769687718162,0.7045749288763974,25.0,22.130193871018257,20.223748611675408
431,32.23821068099892,0.8788874880762579,0.7935045731159562,0.9543385208538868,0.7093911839453662,23.0,20.214412225753932,18.250605181666995
432,30.866960315852655,0.8821485032937648,0.8155748166063793,0.9571452760781932,0.685037554639386,22.0,19.407267072462826,17.942645965340343
433,28.460535746123035,0.8854969703322622,0.822240853201053,0.9431791123144215,0.7149298634123208,20.0,17.709939406645244,16.44481706402106
434,26.893156674087273,0.8809845782387953,0.8148040699003288,0.9453957063859282,0.7149574756643741,19.0,16.73870698653711,15.481277328106248
435,25.252413322718674,0.8807901165128659,0.8183728711139886,0.9443701019177204,0.697872594903287,18.0,15.854222097231586,14.730711680051794
436,25.09163768602393,0.8814080950637739,0.8067060368499543,0.9432439415323728,0.6974002921263885,18.0,15.865345711147931,14.520708663299178
437,24.557353129514972,0.9012775377842865,0.8078118562479211,0.916659255715289,0.6661613034567265,18.0,16.222995680117158,14.54061341246258
438,24.17879996867776,0.8858571741453761,0.7934654921508236,0.9372224559972651,0.6465579582050678,18.0,15.94542913461677,14.282378858714825
439,24.336361341576506,0.8651171904003657,0.7907713330848019,0.9619580380861844,0.6573501309311066,18.0,15.572109427206582,14.233883995526433
440,25.79428430832611,0.8640013535729809,0.8072623987249299,0.9606186185857672,0.6535893720212836,19.0,16.416025717886637,15.337985575773669
441,32.28269716673044,0.8686447950958036,0.8013098978125246,0.952064627817673,0.6465743151467644,24.0,20.847475082299287,19.23143754750059
442,31.44724883465786,0.8776835044900952,0.8010670896892598,0.9440657092053103,0.6724540244788981,23.0,20.186720603272192,18.424543062852976
443,33.35242197420389,0.8844966351621332,0.8121433644360392,0.9376092709032233,0.6899914821117431,24.0,21.227919243891197,19.49144074646494
444,35.2304654140442,0.8858938655295653,0.8124976956436639,0.9360382453433437,0.7138335040465226,25.0,22.14734663823913,20.312442391091597
445,41.040373199250716,0.8687324428152371,0.8169752587258894,0.9519861697466083,0.7199287930454102,29.0,25.193240841641877,23.69228250305079
446,46.789984343939125,0.8567550421896761,0.8103949484038183,0.9922634097011028,0.7005863438922264,33.0,28.27291639225931,26.743033297326004
447,52.718467828465464,0.8807289878946686,0.8106497590464243,0.9569545604193112,0.7179498012171407,37.0,32.586972552102736,29.9940410847177
448,56.464190516792996,0.886561216992817,0.8050139116439647,0.9582319297442157,0.6982158804890407,40.0,35.46244867971268,32.20055646575859
449,62.74116543573763,0.8753814213169848,0.8041964189747495,0.9765708800056992,0.7101045959105532,44.0,38.516782537947336,35.384642434888974
450,65.41279858661306,0.889598317195005,0.811167993321271,0.9623178281706926,0.6976866009147359,46.0,40.921522590970234,37.313727692778464
451,68.62395941192189,0.9025895676038647,0.8141256381580652,0.9524914469908446,0.7000847916856799,48.0,43.324299244985504,39.078030631587126
452,71.88104968986316,0.901319087855386,0.8186348479737454,0.9539458045396403,0.7058231552398484,50.0,45.0659543927693,40.93174239868727
453,75.4582127314762,0.889861109393746,0.8142317439260827,0.9675548697248835,0.7247691216103931,52.0,46.27277768847479,42.340050684156296
454,76.65528057035648,0.8919876296150118,0.8165033855512542,0.9682058208124156,0.7136509703728489,53.0,47.27534436959562,43.27467943421647
455,81.08465787633085,0.8980248746140979,0.8132259180644346,0.9626335731032627,0.7174776559305195,56.0,50.28939297838948,45.54065141160834
456,87.73422246011717,0.8864220889951377,0.8188919855334635,0.9748548180029669,0.7303822815791217,60.0,53.185325339708264,49.13351913200781
457,88.97981689972073,0.8868332249487996,0.8185333221983403,0.9768167944262676,0.723748097841639,61.0,54.09682672187677,49.930532654098755
458,85.71072641070114,0.8984194896373994,0.8181203105378874,0.9649356392556114,0.7160403969367886,59.0,53.006749888606564,48.269098321735356
459,86.04774995914885,0.8875793564038291,0.8114656177854416,0.9784536746792124,0.7270562599472117,59.0,52.36718202782592,47.876471449341054
460,87.43454679928118,0.8808044149304088,0.8234627215182935,0.9820579953419246,0.7192085484426574,60.0,52.84826489582453,49.40776329109761
461,88.8769849363175,0.8852169135213546,0.8215992942940051,0.9813009661674501,0.7160857423248698,61.0,53.99823172480263,50.11755695193431
462,94.63296424795473,0.8885802127176526,0.8192300878729509,0.9789638679436814,0.7153104412486239,65.0,57.757713826647425,53.24995571174181
463,94.9540144593521,0.8962817306748022,0.8220873566124764,0.9678888261456629,0.72173585290084,65.0,58.25831249386214,53.43567817981097
464,98.38134926231703,0.8915722224060062,0.8107192952157573,0.9739875201054768,0.7400812252074611,67.0,59.73533890120242,54.318192779455735
465,102.49761147575026,0.8572834054409084,0.7798272791887276,1.0155469615623836,0.7884580199985103,69.0,59.15255497542268,53.808082264022204
466,104.18211831760688,0.8910412263470067,0.8090198991742215,0.9745963544732141,0.7403380916210396,71.0,63.26392707063747,57.44041284136972
467,103.99915739407052,0.8913860399791232,0.8226018008831978,0.9762175009418579,0.7228165702335565,71.0,63.28840883851775,58.40472786270704
468,100.8231604194519,0.8800424197952225,0.8132866558029735,0.9928481127925742,0.7223243657172916,69.0,60.72292696587035,56.11677925040517
469,101.80329402765665,0.89256316267523,0.8115737618096706,0.9782781718560456,0.7160873602909611,70.0,62.47942138726609,56.81016332667694
470,102.0506885136756,0.8727946735816676,0.8131499074410348,1.0050126372242145,0.714133146669938,70.0,61.09562715071674,56.920493520872434
471,100.00906584037759,0.893901922325751,0.8168533792237628,0.9790104447998128,0.7030238808242333,69.0,61.679232640476826,56.36288316643963
472,99.88851030706562,0.896629334402577,0.8181018971123775,0.9727888921574604,0.7033702217404966,69.0,61.86742407377781,56.449030900754046
473,101.61455758932449,0.8936193744436066,0.8264025225727506,0.977253444613207,0.6998332039715222,70.0,62.55335621105246,57.84817658009254
474,103.51849578360014,0.8298993258271589,0.8364487635055466,1.0652093449124989,0.6862231026014655,71.0,58.92285213372828,59.387862208893814
